date;day;month;quarter;year;week_of_year;day_of_week;is_weekend
2018-01-01;1;1;1;2018;1;1;False
2018-01-02;2;1;1;2018;1;2;False
2018-01-03;3;1;1;2018;1;3;False
2018-01-04;4;1;1;2018;1;4;False
2018-01-05;5;1;1;2018;1;5;False
2018-01-06;6;1;1;2018;1;6;True
2018-01-07;7;1;1;2018;1;7;True
2018-01-08;8;1;1;2018;2;1;False
2018-01-09;9;1;1;2018;2;2;False
2018-01-10;10;1;1;2018;2;3;False
2018-01-11;11;1;1;2018;2;4;False
2018-01-12;12;1;1;2018;2;5;False
2018-01-13;13;1;1;2018;2;6;True
2018-01-14;14;1;1;2018;2;7;True
2018-01-15;15;1;1;2018;3;1;False
2018-01-16;16;1;1;2018;3;2;False
2018-01-17;17;1;1;2018;3;3;False
2018-01-18;18;1;1;2018;3;4;False
2018-01-19;19;1;1;2018;3;5;False
2018-01-20;20;1;1;2018;3;6;True
2018-01-21;21;1;1;2018;3;7;True
2018-01-22;22;1;1;2018;4;1;False
2018-01-23;23;1;1;2018;4;2;False
2018-01-24;24;1;1;2018;4;3;False
2018-01-25;25;1;1;2018;4;4;False
2018-01-26;26;1;1;2018;4;5;False
2018-01-27;27;1;1;2018;4;6;True
2018-01-28;28;1;1;2018;4;7;True
2018-01-29;29;1;1;2018;5;1;False
2018-01-30;30;1;1;2018;5;2;False
2018-01-31;31;1;1;2018;5;3;False
2018-02-01;1;2;1;2018;5;4;False
2018-02-02;2;2;1;2018;5;5;False
2018-02-03;3;2;1;2018;5;6;True
2018-02-04;4;2;1;2018;5;7;True
2018-02-05;5;2;1;2018;6;1;False
2018-02-06;6;2;1;2018;6;2;False
2018-02-07;7;2;1;2018;6;3;False
2018-02-08;8;2;1;2018;6;4;False
2018-02-09;9;2;1;2018;6;5;False
2018-02-10;10;2;1;2018;6;6;True
2018-02-11;11;2;1;2018;6;7;True
2018-02-12;12;2;1;2018;7;1;False
2018-02-13;13;2;1;2018;7;2;False
2018-02-14;14;2;1;2018;7;3;False
2018-02-15;15;2;1;2018;7;4;False
2018-02-16;16;2;1;2018;7;5;False
2018-02-17;17;2;1;2018;7;6;True
2018-02-18;18;2;1;2018;7;7;True
2018-02-19;19;2;1;2018;8;1;False
2018-02-20;20;2;1;2018;8;2;False
2018-02-21;21;2;1;2018;8;3;False
2018-02-22;22;2;1;2018;8;4;False
2018-02-23;23;2;1;2018;8;5;False
2018-02-24;24;2;1;2018;8;6;True
2018-02-25;25;2;1;2018;8;7;True
2018-02-26;26;2;1;2018;9;1;False
2018-02-27;27;2;1;2018;9;2;False
2018-02-28;28;2;1;2018;9;3;False
2018-03-01;1;3;1;2018;9;4;False
2018-03-02;2;3;1;2018;9;5;False
2018-03-03;3;3;1;2018;9;6;True
2018-03-04;4;3;1;2018;9;7;True
2018-03-05;5;3;1;2018;10;1;False
2018-03-06;6;3;1;2018;10;2;False
2018-03-07;7;3;1;2018;10;3;False
2018-03-08;8;3;1;2018;10;4;False
2018-03-09;9;3;1;2018;10;5;False
2018-03-10;10;3;1;2018;10;6;True
2018-03-11;11;3;1;2018;10;7;True
2018-03-12;12;3;1;2018;11;1;False
2018-03-13;13;3;1;2018;11;2;False
2018-03-14;14;3;1;2018;11;3;False
2018-03-15;15;3;1;2018;11;4;False
2018-03-16;16;3;1;2018;11;5;False
2018-03-17;17;3;1;2018;11;6;True
2018-03-18;18;3;1;2018;11;7;True
2018-03-19;19;3;1;2018;12;1;False
2018-03-20;20;3;1;2018;12;2;False
2018-03-21;21;3;1;2018;12;3;False
2018-03-22;22;3;1;2018;12;4;False
2018-03-23;23;3;1;2018;12;5;False
2018-03-24;24;3;1;2018;12;6;True
2018-03-25;25;3;1;2018;12;7;True
2018-03-26;26;3;1;2018;13;1;False
2018-03-27;27;3;1;2018;13;2;False
2018-03-28;28;3;1;2018;13;3;False
2018-03-29;29;3;1;2018;13;4;False
2018-03-30;30;3;1;2018;13;5;False
2018-03-31;31;3;1;2018;13;6;True
2018-04-01;1;4;2;2018;13;7;True
2018-04-02;2;4;2;2018;14;1;False
2018-04-03;3;4;2;2018;14;2;False
2018-04-04;4;4;2;2018;14;3;False
2018-04-05;5;4;2;2018;14;4;False
2018-04-06;6;4;2;2018;14;5;False
2018-04-07;7;4;2;2018;14;6;True
2018-04-08;8;4;2;2018;14;7;True
2018-04-09;9;4;2;2018;15;1;False
2018-04-10;10;4;2;2018;15;2;False
2018-04-11;11;4;2;2018;15;3;False
2018-04-12;12;4;2;2018;15;4;False
2018-04-13;13;4;2;2018;15;5;False
2018-04-14;14;4;2;2018;15;6;True
2018-04-15;15;4;2;2018;15;7;True
2018-04-16;16;4;2;2018;16;1;False
2018-04-17;17;4;2;2018;16;2;False
2018-04-18;18;4;2;2018;16;3;False
2018-04-19;19;4;2;2018;16;4;False
2018-04-20;20;4;2;2018;16;5;False
2018-04-21;21;4;2;2018;16;6;True
2018-04-22;22;4;2;2018;16;7;True
2018-04-23;23;4;2;2018;17;1;False
2018-04-24;24;4;2;2018;17;2;False
2018-04-25;25;4;2;2018;17;3;False
2018-04-26;26;4;2;2018;17;4;False
2018-04-27;27;4;2;2018;17;5;False
2018-04-28;28;4;2;2018;17;6;True
2018-04-29;29;4;2;2018;17;7;True
2018-04-30;30;4;2;2018;18;1;False
2018-05-01;1;5;2;2018;18;2;False
2018-05-02;2;5;2;2018;18;3;False
2018-05-03;3;5;2;2018;18;4;False
2018-05-04;4;5;2;2018;18;5;False
2018-05-05;5;5;2;2018;18;6;True
2018-05-06;6;5;2;2018;18;7;True
2018-05-07;7;5;2;2018;19;1;False
2018-05-08;8;5;2;2018;19;2;False
2018-05-09;9;5;2;2018;19;3;False
2018-05-10;10;5;2;2018;19;4;False
2018-05-11;11;5;2;2018;19;5;False
2018-05-12;12;5;2;2018;19;6;True
2018-05-13;13;5;2;2018;19;7;True
2018-05-14;14;5;2;2018;20;1;False
2018-05-15;15;5;2;2018;20;2;False
2018-05-16;16;5;2;2018;20;3;False
2018-05-17;17;5;2;2018;20;4;False
2018-05-18;18;5;2;2018;20;5;False
2018-05-19;19;5;2;2018;20;6;True
2018-05-20;20;5;2;2018;20;7;True
2018-05-21;21;5;2;2018;21;1;False
2018-05-22;22;5;2;2018;21;2;False
2018-05-23;23;5;2;2018;21;3;False
2018-05-24;24;5;2;2018;21;4;False
2018-05-25;25;5;2;2018;21;5;False
2018-05-26;26;5;2;2018;21;6;True
2018-05-27;27;5;2;2018;21;7;True
2018-05-28;28;5;2;2018;22;1;False
2018-05-29;29;5;2;2018;22;2;False
2018-05-30;30;5;2;2018;22;3;False
2018-05-31;31;5;2;2018;22;4;False
2018-06-01;1;6;2;2018;22;5;False
2018-06-02;2;6;2;2018;22;6;True
2018-06-03;3;6;2;2018;22;7;True
2018-06-04;4;6;2;2018;23;1;False
2018-06-05;5;6;2;2018;23;2;False
2018-06-06;6;6;2;2018;23;3;False
2018-06-07;7;6;2;2018;23;4;False
2018-06-08;8;6;2;2018;23;5;False
2018-06-09;9;6;2;2018;23;6;True
2018-06-10;10;6;2;2018;23;7;True
2018-06-11;11;6;2;2018;24;1;False
2018-06-12;12;6;2;2018;24;2;False
2018-06-13;13;6;2;2018;24;3;False
2018-06-14;14;6;2;2018;24;4;False
2018-06-15;15;6;2;2018;24;5;False
2018-06-16;16;6;2;2018;24;6;True
2018-06-17;17;6;2;2018;24;7;True
2018-06-18;18;6;2;2018;25;1;False
2018-06-19;19;6;2;2018;25;2;False
2018-06-20;20;6;2;2018;25;3;False
2018-06-21;21;6;2;2018;25;4;False
2018-06-22;22;6;2;2018;25;5;False
2018-06-23;23;6;2;2018;25;6;True
2018-06-24;24;6;2;2018;25;7;True
2018-06-25;25;6;2;2018;26;1;False
2018-06-26;26;6;2;2018;26;2;False
2018-06-27;27;6;2;2018;26;3;False
2018-06-28;28;6;2;2018;26;4;False
2018-06-29;29;6;2;2018;26;5;False
2018-06-30;30;6;2;2018;26;6;True
2018-07-01;1;7;3;2018;26;7;True
2018-07-02;2;7;3;2018;27;1;False
2018-07-03;3;7;3;2018;27;2;False
2018-07-04;4;7;3;2018;27;3;False
2018-07-05;5;7;3;2018;27;4;False
2018-07-06;6;7;3;2018;27;5;False
2018-07-07;7;7;3;2018;27;6;True
2018-07-08;8;7;3;2018;27;7;True
2018-07-09;9;7;3;2018;28;1;False
2018-07-10;10;7;3;2018;28;2;False
2018-07-11;11;7;3;2018;28;3;False
2018-07-12;12;7;3;2018;28;4;False
2018-07-13;13;7;3;2018;28;5;False
2018-07-14;14;7;3;2018;28;6;True
2018-07-15;15;7;3;2018;28;7;True
2018-07-16;16;7;3;2018;29;1;False
2018-07-17;17;7;3;2018;29;2;False
2018-07-18;18;7;3;2018;29;3;False
2018-07-19;19;7;3;2018;29;4;False
2018-07-20;20;7;3;2018;29;5;False
2018-07-21;21;7;3;2018;29;6;True
2018-07-22;22;7;3;2018;29;7;True
2018-07-23;23;7;3;2018;30;1;False
2018-07-24;24;7;3;2018;30;2;False
2018-07-25;25;7;3;2018;30;3;False
2018-07-26;26;7;3;2018;30;4;False
2018-07-27;27;7;3;2018;30;5;False
2018-07-28;28;7;3;2018;30;6;True
2018-07-29;29;7;3;2018;30;7;True
2018-07-30;30;7;3;2018;31;1;False
2018-07-31;31;7;3;2018;31;2;False
2018-08-01;1;8;3;2018;31;3;False
2018-08-02;2;8;3;2018;31;4;False
2018-08-03;3;8;3;2018;31;5;False
2018-08-04;4;8;3;2018;31;6;True
2018-08-05;5;8;3;2018;31;7;True
2018-08-06;6;8;3;2018;32;1;False
2018-08-07;7;8;3;2018;32;2;False
2018-08-08;8;8;3;2018;32;3;False
2018-08-09;9;8;3;2018;32;4;False
2018-08-10;10;8;3;2018;32;5;False
2018-08-11;11;8;3;2018;32;6;True
2018-08-12;12;8;3;2018;32;7;True
2018-08-13;13;8;3;2018;33;1;False
2018-08-14;14;8;3;2018;33;2;False
2018-08-15;15;8;3;2018;33;3;False
2018-08-16;16;8;3;2018;33;4;False
2018-08-17;17;8;3;2018;33;5;False
2018-08-18;18;8;3;2018;33;6;True
2018-08-19;19;8;3;2018;33;7;True
2018-08-20;20;8;3;2018;34;1;False
2018-08-21;21;8;3;2018;34;2;False
2018-08-22;22;8;3;2018;34;3;False
2018-08-23;23;8;3;2018;34;4;False
2018-08-24;24;8;3;2018;34;5;False
2018-08-25;25;8;3;2018;34;6;True
2018-08-26;26;8;3;2018;34;7;True
2018-08-27;27;8;3;2018;35;1;False
2018-08-28;28;8;3;2018;35;2;False
2018-08-29;29;8;3;2018;35;3;False
2018-08-30;30;8;3;2018;35;4;False
2018-08-31;31;8;3;2018;35;5;False
2018-09-01;1;9;3;2018;35;6;True
2018-09-02;2;9;3;2018;35;7;True
2018-09-03;3;9;3;2018;36;1;False
2018-09-04;4;9;3;2018;36;2;False
2018-09-05;5;9;3;2018;36;3;False
2018-09-06;6;9;3;2018;36;4;False
2018-09-07;7;9;3;2018;36;5;False
2018-09-08;8;9;3;2018;36;6;True
2018-09-09;9;9;3;2018;36;7;True
2018-09-10;10;9;3;2018;37;1;False
2018-09-11;11;9;3;2018;37;2;False
2018-09-12;12;9;3;2018;37;3;False
2018-09-13;13;9;3;2018;37;4;False
2018-09-14;14;9;3;2018;37;5;False
2018-09-15;15;9;3;2018;37;6;True
2018-09-16;16;9;3;2018;37;7;True
2018-09-17;17;9;3;2018;38;1;False
2018-09-18;18;9;3;2018;38;2;False
2018-09-19;19;9;3;2018;38;3;False
2018-09-20;20;9;3;2018;38;4;False
2018-09-21;21;9;3;2018;38;5;False
2018-09-22;22;9;3;2018;38;6;True
2018-09-23;23;9;3;2018;38;7;True
2018-09-24;24;9;3;2018;39;1;False
2018-09-25;25;9;3;2018;39;2;False
2018-09-26;26;9;3;2018;39;3;False
2018-09-27;27;9;3;2018;39;4;False
2018-09-28;28;9;3;2018;39;5;False
2018-09-29;29;9;3;2018;39;6;True
2018-09-30;30;9;3;2018;39;7;True
2018-10-01;1;10;4;2018;40;1;False
2018-10-02;2;10;4;2018;40;2;False
2018-10-03;3;10;4;2018;40;3;False
2018-10-04;4;10;4;2018;40;4;False
2018-10-05;5;10;4;2018;40;5;False
2018-10-06;6;10;4;2018;40;6;True
2018-10-07;7;10;4;2018;40;7;True
2018-10-08;8;10;4;2018;41;1;False
2018-10-09;9;10;4;2018;41;2;False
2018-10-10;10;10;4;2018;41;3;False
2018-10-11;11;10;4;2018;41;4;False
2018-10-12;12;10;4;2018;41;5;False
2018-10-13;13;10;4;2018;41;6;True
2018-10-14;14;10;4;2018;41;7;True
2018-10-15;15;10;4;2018;42;1;False
2018-10-16;16;10;4;2018;42;2;False
2018-10-17;17;10;4;2018;42;3;False
2018-10-18;18;10;4;2018;42;4;False
2018-10-19;19;10;4;2018;42;5;False
2018-10-20;20;10;4;2018;42;6;True
2018-10-21;21;10;4;2018;42;7;True
2018-10-22;22;10;4;2018;43;1;False
2018-10-23;23;10;4;2018;43;2;False
2018-10-24;24;10;4;2018;43;3;False
2018-10-25;25;10;4;2018;43;4;False
2018-10-26;26;10;4;2018;43;5;False
2018-10-27;27;10;4;2018;43;6;True
2018-10-28;28;10;4;2018;43;7;True
2018-10-29;29;10;4;2018;44;1;False
2018-10-30;30;10;4;2018;44;2;False
2018-10-31;31;10;4;2018;44;3;False
2018-11-01;1;11;4;2018;44;4;False
2018-11-02;2;11;4;2018;44;5;False
2018-11-03;3;11;4;2018;44;6;True
2018-11-04;4;11;4;2018;44;7;True
2018-11-05;5;11;4;2018;45;1;False
2018-11-06;6;11;4;2018;45;2;False
2018-11-07;7;11;4;2018;45;3;False
2018-11-08;8;11;4;2018;45;4;False
2018-11-09;9;11;4;2018;45;5;False
2018-11-10;10;11;4;2018;45;6;True
2018-11-11;11;11;4;2018;45;7;True
2018-11-12;12;11;4;2018;46;1;False
2018-11-13;13;11;4;2018;46;2;False
2018-11-14;14;11;4;2018;46;3;False
2018-11-15;15;11;4;2018;46;4;False
2018-11-16;16;11;4;2018;46;5;False
2018-11-17;17;11;4;2018;46;6;True
2018-11-18;18;11;4;2018;46;7;True
2018-11-19;19;11;4;2018;47;1;False
2018-11-20;20;11;4;2018;47;2;False
2018-11-21;21;11;4;2018;47;3;False
2018-11-22;22;11;4;2018;47;4;False
2018-11-23;23;11;4;2018;47;5;False
2018-11-24;24;11;4;2018;47;6;True
2018-11-25;25;11;4;2018;47;7;True
2018-11-26;26;11;4;2018;48;1;False
2018-11-27;27;11;4;2018;48;2;False
2018-11-28;28;11;4;2018;48;3;False
2018-11-29;29;11;4;2018;48;4;False
2018-11-30;30;11;4;2018;48;5;False
2018-12-01;1;12;4;2018;48;6;True
2018-12-02;2;12;4;2018;48;7;True
2018-12-03;3;12;4;2018;49;1;False
2018-12-04;4;12;4;2018;49;2;False
2018-12-05;5;12;4;2018;49;3;False
2018-12-06;6;12;4;2018;49;4;False
2018-12-07;7;12;4;2018;49;5;False
2018-12-08;8;12;4;2018;49;6;True
2018-12-09;9;12;4;2018;49;7;True
2018-12-10;10;12;4;2018;50;1;False
2018-12-11;11;12;4;2018;50;2;False
2018-12-12;12;12;4;2018;50;3;False
2018-12-13;13;12;4;2018;50;4;False
2018-12-14;14;12;4;2018;50;5;False
2018-12-15;15;12;4;2018;50;6;True
2018-12-16;16;12;4;2018;50;7;True
2018-12-17;17;12;4;2018;51;1;False
2018-12-18;18;12;4;2018;51;2;False
2018-12-19;19;12;4;2018;51;3;False
2018-12-20;20;12;4;2018;51;4;False
2018-12-21;21;12;4;2018;51;5;False
2018-12-22;22;12;4;2018;51;6;True
2018-12-23;23;12;4;2018;51;7;True
2018-12-24;24;12;4;2018;52;1;False
2018-12-25;25;12;4;2018;52;2;False
2018-12-26;26;12;4;2018;52;3;False
2018-12-27;27;12;4;2018;52;4;False
2018-12-28;28;12;4;2018;52;5;False
2018-12-29;29;12;4;2018;52;6;True
2018-12-30;30;12;4;2018;52;7;True
2018-12-31;31;12;4;2018;1;1;False
2019-01-01;1;1;1;2019;1;2;False
2019-01-02;2;1;1;2019;1;3;False
2019-01-03;3;1;1;2019;1;4;False
2019-01-04;4;1;1;2019;1;5;False
2019-01-05;5;1;1;2019;1;6;True
2019-01-06;6;1;1;2019;1;7;True
2019-01-07;7;1;1;2019;2;1;False
2019-01-08;8;1;1;2019;2;2;False
2019-01-09;9;1;1;2019;2;3;False
2019-01-10;10;1;1;2019;2;4;False
2019-01-11;11;1;1;2019;2;5;False
2019-01-12;12;1;1;2019;2;6;True
2019-01-13;13;1;1;2019;2;7;True
2019-01-14;14;1;1;2019;3;1;False
2019-01-15;15;1;1;2019;3;2;False
2019-01-16;16;1;1;2019;3;3;False
2019-01-17;17;1;1;2019;3;4;False
2019-01-18;18;1;1;2019;3;5;False
2019-01-19;19;1;1;2019;3;6;True
2019-01-20;20;1;1;2019;3;7;True
2019-01-21;21;1;1;2019;4;1;False
2019-01-22;22;1;1;2019;4;2;False
2019-01-23;23;1;1;2019;4;3;False
2019-01-24;24;1;1;2019;4;4;False
2019-01-25;25;1;1;2019;4;5;False
2019-01-26;26;1;1;2019;4;6;True
2019-01-27;27;1;1;2019;4;7;True
2019-01-28;28;1;1;2019;5;1;False
2019-01-29;29;1;1;2019;5;2;False
2019-01-30;30;1;1;2019;5;3;False
2019-01-31;31;1;1;2019;5;4;False
2019-02-01;1;2;1;2019;5;5;False
2019-02-02;2;2;1;2019;5;6;True
2019-02-03;3;2;1;2019;5;7;True
2019-02-04;4;2;1;2019;6;1;False
2019-02-05;5;2;1;2019;6;2;False
2019-02-06;6;2;1;2019;6;3;False
2019-02-07;7;2;1;2019;6;4;False
2019-02-08;8;2;1;2019;6;5;False
2019-02-09;9;2;1;2019;6;6;True
2019-02-10;10;2;1;2019;6;7;True
2019-02-11;11;2;1;2019;7;1;False
2019-02-12;12;2;1;2019;7;2;False
2019-02-13;13;2;1;2019;7;3;False
2019-02-14;14;2;1;2019;7;4;False
2019-02-15;15;2;1;2019;7;5;False
2019-02-16;16;2;1;2019;7;6;True
2019-02-17;17;2;1;2019;7;7;True
2019-02-18;18;2;1;2019;8;1;False
2019-02-19;19;2;1;2019;8;2;False
2019-02-20;20;2;1;2019;8;3;False
2019-02-21;21;2;1;2019;8;4;False
2019-02-22;22;2;1;2019;8;5;False
2019-02-23;23;2;1;2019;8;6;True
2019-02-24;24;2;1;2019;8;7;True
2019-02-25;25;2;1;2019;9;1;False
2019-02-26;26;2;1;2019;9;2;False
2019-02-27;27;2;1;2019;9;3;False
2019-02-28;28;2;1;2019;9;4;False
2019-03-01;1;3;1;2019;9;5;False
2019-03-02;2;3;1;2019;9;6;True
2019-03-03;3;3;1;2019;9;7;True
2019-03-04;4;3;1;2019;10;1;False
2019-03-05;5;3;1;2019;10;2;False
2019-03-06;6;3;1;2019;10;3;False
2019-03-07;7;3;1;2019;10;4;False
2019-03-08;8;3;1;2019;10;5;False
2019-03-09;9;3;1;2019;10;6;True
2019-03-10;10;3;1;2019;10;7;True
2019-03-11;11;3;1;2019;11;1;False
2019-03-12;12;3;1;2019;11;2;False
2019-03-13;13;3;1;2019;11;3;False
2019-03-14;14;3;1;2019;11;4;False
2019-03-15;15;3;1;2019;11;5;False
2019-03-16;16;3;1;2019;11;6;True
2019-03-17;17;3;1;2019;11;7;True
2019-03-18;18;3;1;2019;12;1;False
2019-03-19;19;3;1;2019;12;2;False
2019-03-20;20;3;1;2019;12;3;False
2019-03-21;21;3;1;2019;12;4;False
2019-03-22;22;3;1;2019;12;5;False
2019-03-23;23;3;1;2019;12;6;True
2019-03-24;24;3;1;2019;12;7;True
2019-03-25;25;3;1;2019;13;1;False
2019-03-26;26;3;1;2019;13;2;False
2019-03-27;27;3;1;2019;13;3;False
2019-03-28;28;3;1;2019;13;4;False
2019-03-29;29;3;1;2019;13;5;False
2019-03-30;30;3;1;2019;13;6;True
2019-03-31;31;3;1;2019;13;7;True
2019-04-01;1;4;2;2019;14;1;False
2019-04-02;2;4;2;2019;14;2;False
2019-04-03;3;4;2;2019;14;3;False
2019-04-04;4;4;2;2019;14;4;False
2019-04-05;5;4;2;2019;14;5;False
2019-04-06;6;4;2;2019;14;6;True
2019-04-07;7;4;2;2019;14;7;True
2019-04-08;8;4;2;2019;15;1;False
2019-04-09;9;4;2;2019;15;2;False
2019-04-10;10;4;2;2019;15;3;False
2019-04-11;11;4;2;2019;15;4;False
2019-04-12;12;4;2;2019;15;5;False
2019-04-13;13;4;2;2019;15;6;True
2019-04-14;14;4;2;2019;15;7;True
2019-04-15;15;4;2;2019;16;1;False
2019-04-16;16;4;2;2019;16;2;False
2019-04-17;17;4;2;2019;16;3;False
2019-04-18;18;4;2;2019;16;4;False
2019-04-19;19;4;2;2019;16;5;False
2019-04-20;20;4;2;2019;16;6;True
2019-04-21;21;4;2;2019;16;7;True
2019-04-22;22;4;2;2019;17;1;False
2019-04-23;23;4;2;2019;17;2;False
2019-04-24;24;4;2;2019;17;3;False
2019-04-25;25;4;2;2019;17;4;False
2019-04-26;26;4;2;2019;17;5;False
2019-04-27;27;4;2;2019;17;6;True
2019-04-28;28;4;2;2019;17;7;True
2019-04-29;29;4;2;2019;18;1;False
2019-04-30;30;4;2;2019;18;2;False
2019-05-01;1;5;2;2019;18;3;False
2019-05-02;2;5;2;2019;18;4;False
2019-05-03;3;5;2;2019;18;5;False
2019-05-04;4;5;2;2019;18;6;True
2019-05-05;5;5;2;2019;18;7;True
2019-05-06;6;5;2;2019;19;1;False
2019-05-07;7;5;2;2019;19;2;False
2019-05-08;8;5;2;2019;19;3;False
2019-05-09;9;5;2;2019;19;4;False
2019-05-10;10;5;2;2019;19;5;False
2019-05-11;11;5;2;2019;19;6;True
2019-05-12;12;5;2;2019;19;7;True
2019-05-13;13;5;2;2019;20;1;False
2019-05-14;14;5;2;2019;20;2;False
2019-05-15;15;5;2;2019;20;3;False
2019-05-16;16;5;2;2019;20;4;False
2019-05-17;17;5;2;2019;20;5;False
2019-05-18;18;5;2;2019;20;6;True
2019-05-19;19;5;2;2019;20;7;True
2019-05-20;20;5;2;2019;21;1;False
2019-05-21;21;5;2;2019;21;2;False
2019-05-22;22;5;2;2019;21;3;False
2019-05-23;23;5;2;2019;21;4;False
2019-05-24;24;5;2;2019;21;5;False
2019-05-25;25;5;2;2019;21;6;True
2019-05-26;26;5;2;2019;21;7;True
2019-05-27;27;5;2;2019;22;1;False
2019-05-28;28;5;2;2019;22;2;False
2019-05-29;29;5;2;2019;22;3;False
2019-05-30;30;5;2;2019;22;4;False
2019-05-31;31;5;2;2019;22;5;False
2019-06-01;1;6;2;2019;22;6;True
2019-06-02;2;6;2;2019;22;7;True
2019-06-03;3;6;2;2019;23;1;False
2019-06-04;4;6;2;2019;23;2;False
2019-06-05;5;6;2;2019;23;3;False
2019-06-06;6;6;2;2019;23;4;False
2019-06-07;7;6;2;2019;23;5;False
2019-06-08;8;6;2;2019;23;6;True
2019-06-09;9;6;2;2019;23;7;True
2019-06-10;10;6;2;2019;24;1;False
2019-06-11;11;6;2;2019;24;2;False
2019-06-12;12;6;2;2019;24;3;False
2019-06-13;13;6;2;2019;24;4;False
2019-06-14;14;6;2;2019;24;5;False
2019-06-15;15;6;2;2019;24;6;True
2019-06-16;16;6;2;2019;24;7;True
2019-06-17;17;6;2;2019;25;1;False
2019-06-18;18;6;2;2019;25;2;False
2019-06-19;19;6;2;2019;25;3;False
2019-06-20;20;6;2;2019;25;4;False
2019-06-21;21;6;2;2019;25;5;False
2019-06-22;22;6;2;2019;25;6;True
2019-06-23;23;6;2;2019;25;7;True
2019-06-24;24;6;2;2019;26;1;False
2019-06-25;25;6;2;2019;26;2;False
2019-06-26;26;6;2;2019;26;3;False
2019-06-27;27;6;2;2019;26;4;False
2019-06-28;28;6;2;2019;26;5;False
2019-06-29;29;6;2;2019;26;6;True
2019-06-30;30;6;2;2019;26;7;True
2019-07-01;1;7;3;2019;27;1;False
2019-07-02;2;7;3;2019;27;2;False
2019-07-03;3;7;3;2019;27;3;False
2019-07-04;4;7;3;2019;27;4;False
2019-07-05;5;7;3;2019;27;5;False
2019-07-06;6;7;3;2019;27;6;True
2019-07-07;7;7;3;2019;27;7;True
2019-07-08;8;7;3;2019;28;1;False
2019-07-09;9;7;3;2019;28;2;False
2019-07-10;10;7;3;2019;28;3;False
2019-07-11;11;7;3;2019;28;4;False
2019-07-12;12;7;3;2019;28;5;False
2019-07-13;13;7;3;2019;28;6;True
2019-07-14;14;7;3;2019;28;7;True
2019-07-15;15;7;3;2019;29;1;False
2019-07-16;16;7;3;2019;29;2;False
2019-07-17;17;7;3;2019;29;3;False
2019-07-18;18;7;3;2019;29;4;False
2019-07-19;19;7;3;2019;29;5;False
2019-07-20;20;7;3;2019;29;6;True
2019-07-21;21;7;3;2019;29;7;True
2019-07-22;22;7;3;2019;30;1;False
2019-07-23;23;7;3;2019;30;2;False
2019-07-24;24;7;3;2019;30;3;False
2019-07-25;25;7;3;2019;30;4;False
2019-07-26;26;7;3;2019;30;5;False
2019-07-27;27;7;3;2019;30;6;True
2019-07-28;28;7;3;2019;30;7;True
2019-07-29;29;7;3;2019;31;1;False
2019-07-30;30;7;3;2019;31;2;False
2019-07-31;31;7;3;2019;31;3;False
2019-08-01;1;8;3;2019;31;4;False
2019-08-02;2;8;3;2019;31;5;False
2019-08-03;3;8;3;2019;31;6;True
2019-08-04;4;8;3;2019;31;7;True
2019-08-05;5;8;3;2019;32;1;False
2019-08-06;6;8;3;2019;32;2;False
2019-08-07;7;8;3;2019;32;3;False
2019-08-08;8;8;3;2019;32;4;False
2019-08-09;9;8;3;2019;32;5;False
2019-08-10;10;8;3;2019;32;6;True
2019-08-11;11;8;3;2019;32;7;True
2019-08-12;12;8;3;2019;33;1;False
2019-08-13;13;8;3;2019;33;2;False
2019-08-14;14;8;3;2019;33;3;False
2019-08-15;15;8;3;2019;33;4;False
2019-08-16;16;8;3;2019;33;5;False
2019-08-17;17;8;3;2019;33;6;True
2019-08-18;18;8;3;2019;33;7;True
2019-08-19;19;8;3;2019;34;1;False
2019-08-20;20;8;3;2019;34;2;False
2019-08-21;21;8;3;2019;34;3;False
2019-08-22;22;8;3;2019;34;4;False
2019-08-23;23;8;3;2019;34;5;False
2019-08-24;24;8;3;2019;34;6;True
2019-08-25;25;8;3;2019;34;7;True
2019-08-26;26;8;3;2019;35;1;False
2019-08-27;27;8;3;2019;35;2;False
2019-08-28;28;8;3;2019;35;3;False
2019-08-29;29;8;3;2019;35;4;False
2019-08-30;30;8;3;2019;35;5;False
2019-08-31;31;8;3;2019;35;6;True
2019-09-01;1;9;3;2019;35;7;True
2019-09-02;2;9;3;2019;36;1;False
2019-09-03;3;9;3;2019;36;2;False
2019-09-04;4;9;3;2019;36;3;False
2019-09-05;5;9;3;2019;36;4;False
2019-09-06;6;9;3;2019;36;5;False
2019-09-07;7;9;3;2019;36;6;True
2019-09-08;8;9;3;2019;36;7;True
2019-09-09;9;9;3;2019;37;1;False
2019-09-10;10;9;3;2019;37;2;False
2019-09-11;11;9;3;2019;37;3;False
2019-09-12;12;9;3;2019;37;4;False
2019-09-13;13;9;3;2019;37;5;False
2019-09-14;14;9;3;2019;37;6;True
2019-09-15;15;9;3;2019;37;7;True
2019-09-16;16;9;3;2019;38;1;False
2019-09-17;17;9;3;2019;38;2;False
2019-09-18;18;9;3;2019;38;3;False
2019-09-19;19;9;3;2019;38;4;False
2019-09-20;20;9;3;2019;38;5;False
2019-09-21;21;9;3;2019;38;6;True
2019-09-22;22;9;3;2019;38;7;True
2019-09-23;23;9;3;2019;39;1;False
2019-09-24;24;9;3;2019;39;2;False
2019-09-25;25;9;3;2019;39;3;False
2019-09-26;26;9;3;2019;39;4;False
2019-09-27;27;9;3;2019;39;5;False
2019-09-28;28;9;3;2019;39;6;True
2019-09-29;29;9;3;2019;39;7;True
2019-09-30;30;9;3;2019;40;1;False
2019-10-01;1;10;4;2019;40;2;False
2019-10-02;2;10;4;2019;40;3;False
2019-10-03;3;10;4;2019;40;4;False
2019-10-04;4;10;4;2019;40;5;False
2019-10-05;5;10;4;2019;40;6;True
2019-10-06;6;10;4;2019;40;7;True
2019-10-07;7;10;4;2019;41;1;False
2019-10-08;8;10;4;2019;41;2;False
2019-10-09;9;10;4;2019;41;3;False
2019-10-10;10;10;4;2019;41;4;False
2019-10-11;11;10;4;2019;41;5;False
2019-10-12;12;10;4;2019;41;6;True
2019-10-13;13;10;4;2019;41;7;True
2019-10-14;14;10;4;2019;42;1;False
2019-10-15;15;10;4;2019;42;2;False
2019-10-16;16;10;4;2019;42;3;False
2019-10-17;17;10;4;2019;42;4;False
2019-10-18;18;10;4;2019;42;5;False
2019-10-19;19;10;4;2019;42;6;True
2019-10-20;20;10;4;2019;42;7;True
2019-10-21;21;10;4;2019;43;1;False
2019-10-22;22;10;4;2019;43;2;False
2019-10-23;23;10;4;2019;43;3;False
2019-10-24;24;10;4;2019;43;4;False
2019-10-25;25;10;4;2019;43;5;False
2019-10-26;26;10;4;2019;43;6;True
2019-10-27;27;10;4;2019;43;7;True
2019-10-28;28;10;4;2019;44;1;False
2019-10-29;29;10;4;2019;44;2;False
2019-10-30;30;10;4;2019;44;3;False
2019-10-31;31;10;4;2019;44;4;False
2019-11-01;1;11;4;2019;44;5;False
2019-11-02;2;11;4;2019;44;6;True
2019-11-03;3;11;4;2019;44;7;True
2019-11-04;4;11;4;2019;45;1;False
2019-11-05;5;11;4;2019;45;2;False
2019-11-06;6;11;4;2019;45;3;False
2019-11-07;7;11;4;2019;45;4;False
2019-11-08;8;11;4;2019;45;5;False
2019-11-09;9;11;4;2019;45;6;True
2019-11-10;10;11;4;2019;45;7;True
2019-11-11;11;11;4;2019;46;1;False
2019-11-12;12;11;4;2019;46;2;False
2019-11-13;13;11;4;2019;46;3;False
2019-11-14;14;11;4;2019;46;4;False
2019-11-15;15;11;4;2019;46;5;False
2019-11-16;16;11;4;2019;46;6;True
2019-11-17;17;11;4;2019;46;7;True
2019-11-18;18;11;4;2019;47;1;False
2019-11-19;19;11;4;2019;47;2;False
2019-11-20;20;11;4;2019;47;3;False
2019-11-21;21;11;4;2019;47;4;False
2019-11-22;22;11;4;2019;47;5;False
2019-11-23;23;11;4;2019;47;6;True
2019-11-24;24;11;4;2019;47;7;True
2019-11-25;25;11;4;2019;48;1;False
2019-11-26;26;11;4;2019;48;2;False
2019-11-27;27;11;4;2019;48;3;False
2019-11-28;28;11;4;2019;48;4;False
2019-11-29;29;11;4;2019;48;5;False
2019-11-30;30;11;4;2019;48;6;True
2019-12-01;1;12;4;2019;48;7;True
2019-12-02;2;12;4;2019;49;1;False
2019-12-03;3;12;4;2019;49;2;False
2019-12-04;4;12;4;2019;49;3;False
2019-12-05;5;12;4;2019;49;4;False
2019-12-06;6;12;4;2019;49;5;False
2019-12-07;7;12;4;2019;49;6;True
2019-12-08;8;12;4;2019;49;7;True
2019-12-09;9;12;4;2019;50;1;False
2019-12-10;10;12;4;2019;50;2;False
2019-12-11;11;12;4;2019;50;3;False
2019-12-12;12;12;4;2019;50;4;False
2019-12-13;13;12;4;2019;50;5;False
2019-12-14;14;12;4;2019;50;6;True
2019-12-15;15;12;4;2019;50;7;True
2019-12-16;16;12;4;2019;51;1;False
2019-12-17;17;12;4;2019;51;2;False
2019-12-18;18;12;4;2019;51;3;False
2019-12-19;19;12;4;2019;51;4;False
2019-12-20;20;12;4;2019;51;5;False
2019-12-21;21;12;4;2019;51;6;True
2019-12-22;22;12;4;2019;51;7;True
2019-12-23;23;12;4;2019;52;1;False
2019-12-24;24;12;4;2019;52;2;False
2019-12-25;25;12;4;2019;52;3;False
2019-12-26;26;12;4;2019;52;4;False
2019-12-27;27;12;4;2019;52;5;False
2019-12-28;28;12;4;2019;52;6;True
2019-12-29;29;12;4;2019;52;7;True
2019-12-30;30;12;4;2019;1;1;False
2019-12-31;31;12;4;2019;1;2;False
2020-01-01;1;1;1;2020;1;3;False
2020-01-02;2;1;1;2020;1;4;False
2020-01-03;3;1;1;2020;1;5;False
2020-01-04;4;1;1;2020;1;6;True
2020-01-05;5;1;1;2020;1;7;True
2020-01-06;6;1;1;2020;2;1;False
2020-01-07;7;1;1;2020;2;2;False
2020-01-08;8;1;1;2020;2;3;False
2020-01-09;9;1;1;2020;2;4;False
2020-01-10;10;1;1;2020;2;5;False
2020-01-11;11;1;1;2020;2;6;True
2020-01-12;12;1;1;2020;2;7;True
2020-01-13;13;1;1;2020;3;1;False
2020-01-14;14;1;1;2020;3;2;False
2020-01-15;15;1;1;2020;3;3;False
2020-01-16;16;1;1;2020;3;4;False
2020-01-17;17;1;1;2020;3;5;False
2020-01-18;18;1;1;2020;3;6;True
2020-01-19;19;1;1;2020;3;7;True
2020-01-20;20;1;1;2020;4;1;False
2020-01-21;21;1;1;2020;4;2;False
2020-01-22;22;1;1;2020;4;3;False
2020-01-23;23;1;1;2020;4;4;False
2020-01-24;24;1;1;2020;4;5;False
2020-01-25;25;1;1;2020;4;6;True
2020-01-26;26;1;1;2020;4;7;True
2020-01-27;27;1;1;2020;5;1;False
2020-01-28;28;1;1;2020;5;2;False
2020-01-29;29;1;1;2020;5;3;False
2020-01-30;30;1;1;2020;5;4;False
2020-01-31;31;1;1;2020;5;5;False
2020-02-01;1;2;1;2020;5;6;True
2020-02-02;2;2;1;2020;5;7;True
2020-02-03;3;2;1;2020;6;1;False
2020-02-04;4;2;1;2020;6;2;False
2020-02-05;5;2;1;2020;6;3;False
2020-02-06;6;2;1;2020;6;4;False
2020-02-07;7;2;1;2020;6;5;False
2020-02-08;8;2;1;2020;6;6;True
2020-02-09;9;2;1;2020;6;7;True
2020-02-10;10;2;1;2020;7;1;False
2020-02-11;11;2;1;2020;7;2;False
2020-02-12;12;2;1;2020;7;3;False
2020-02-13;13;2;1;2020;7;4;False
2020-02-14;14;2;1;2020;7;5;False
2020-02-15;15;2;1;2020;7;6;True
2020-02-16;16;2;1;2020;7;7;True
2020-02-17;17;2;1;2020;8;1;False
2020-02-18;18;2;1;2020;8;2;False
2020-02-19;19;2;1;2020;8;3;False
2020-02-20;20;2;1;2020;8;4;False
2020-02-21;21;2;1;2020;8;5;False
2020-02-22;22;2;1;2020;8;6;True
2020-02-23;23;2;1;2020;8;7;True
2020-02-24;24;2;1;2020;9;1;False
2020-02-25;25;2;1;2020;9;2;False
2020-02-26;26;2;1;2020;9;3;False
2020-02-27;27;2;1;2020;9;4;False
2020-02-28;28;2;1;2020;9;5;False
2020-02-29;29;2;1;2020;9;6;True
2020-03-01;1;3;1;2020;9;7;True
2020-03-02;2;3;1;2020;10;1;False
2020-03-03;3;3;1;2020;10;2;False
2020-03-04;4;3;1;2020;10;3;False
2020-03-05;5;3;1;2020;10;4;False
2020-03-06;6;3;1;2020;10;5;False
2020-03-07;7;3;1;2020;10;6;True
2020-03-08;8;3;1;2020;10;7;True
2020-03-09;9;3;1;2020;11;1;False
2020-03-10;10;3;1;2020;11;2;False
2020-03-11;11;3;1;2020;11;3;False
2020-03-12;12;3;1;2020;11;4;False
2020-03-13;13;3;1;2020;11;5;False
2020-03-14;14;3;1;2020;11;6;True
2020-03-15;15;3;1;2020;11;7;True
2020-03-16;16;3;1;2020;12;1;False
2020-03-17;17;3;1;2020;12;2;False
2020-03-18;18;3;1;2020;12;3;False
2020-03-19;19;3;1;2020;12;4;False
2020-03-20;20;3;1;2020;12;5;False
2020-03-21;21;3;1;2020;12;6;True
2020-03-22;22;3;1;2020;12;7;True
2020-03-23;23;3;1;2020;13;1;False
2020-03-24;24;3;1;2020;13;2;False
2020-03-25;25;3;1;2020;13;3;False
2020-03-26;26;3;1;2020;13;4;False
2020-03-27;27;3;1;2020;13;5;False
2020-03-28;28;3;1;2020;13;6;True
2020-03-29;29;3;1;2020;13;7;True
2020-03-30;30;3;1;2020;14;1;False
2020-03-31;31;3;1;2020;14;2;False
2020-04-01;1;4;2;2020;14;3;False
2020-04-02;2;4;2;2020;14;4;False
2020-04-03;3;4;2;2020;14;5;False
2020-04-04;4;4;2;2020;14;6;True
2020-04-05;5;4;2;2020;14;7;True
2020-04-06;6;4;2;2020;15;1;False
2020-04-07;7;4;2;2020;15;2;False
2020-04-08;8;4;2;2020;15;3;False
2020-04-09;9;4;2;2020;15;4;False
2020-04-10;10;4;2;2020;15;5;False
2020-04-11;11;4;2;2020;15;6;True
2020-04-12;12;4;2;2020;15;7;True
2020-04-13;13;4;2;2020;16;1;False
2020-04-14;14;4;2;2020;16;2;False
2020-04-15;15;4;2;2020;16;3;False
2020-04-16;16;4;2;2020;16;4;False
2020-04-17;17;4;2;2020;16;5;False
2020-04-18;18;4;2;2020;16;6;True
2020-04-19;19;4;2;2020;16;7;True
2020-04-20;20;4;2;2020;17;1;False
2020-04-21;21;4;2;2020;17;2;False
2020-04-22;22;4;2;2020;17;3;False
2020-04-23;23;4;2;2020;17;4;False
2020-04-24;24;4;2;2020;17;5;False
2020-04-25;25;4;2;2020;17;6;True
2020-04-26;26;4;2;2020;17;7;True
2020-04-27;27;4;2;2020;18;1;False
2020-04-28;28;4;2;2020;18;2;False
2020-04-29;29;4;2;2020;18;3;False
2020-04-30;30;4;2;2020;18;4;False
2020-05-01;1;5;2;2020;18;5;False
2020-05-02;2;5;2;2020;18;6;True
2020-05-03;3;5;2;2020;18;7;True
2020-05-04;4;5;2;2020;19;1;False
2020-05-05;5;5;2;2020;19;2;False
2020-05-06;6;5;2;2020;19;3;False
2020-05-07;7;5;2;2020;19;4;False
2020-05-08;8;5;2;2020;19;5;False
2020-05-09;9;5;2;2020;19;6;True
2020-05-10;10;5;2;2020;19;7;True
2020-05-11;11;5;2;2020;20;1;False
2020-05-12;12;5;2;2020;20;2;False
2020-05-13;13;5;2;2020;20;3;False
2020-05-14;14;5;2;2020;20;4;False
2020-05-15;15;5;2;2020;20;5;False
2020-05-16;16;5;2;2020;20;6;True
2020-05-17;17;5;2;2020;20;7;True
2020-05-18;18;5;2;2020;21;1;False
2020-05-19;19;5;2;2020;21;2;False
2020-05-20;20;5;2;2020;21;3;False
2020-05-21;21;5;2;2020;21;4;False
2020-05-22;22;5;2;2020;21;5;False
2020-05-23;23;5;2;2020;21;6;True
2020-05-24;24;5;2;2020;21;7;True
2020-05-25;25;5;2;2020;22;1;False
2020-05-26;26;5;2;2020;22;2;False
2020-05-27;27;5;2;2020;22;3;False
2020-05-28;28;5;2;2020;22;4;False
2020-05-29;29;5;2;2020;22;5;False
2020-05-30;30;5;2;2020;22;6;True
2020-05-31;31;5;2;2020;22;7;True
2020-06-01;1;6;2;2020;23;1;False
2020-06-02;2;6;2;2020;23;2;False
2020-06-03;3;6;2;2020;23;3;False
2020-06-04;4;6;2;2020;23;4;False
2020-06-05;5;6;2;2020;23;5;False
2020-06-06;6;6;2;2020;23;6;True
2020-06-07;7;6;2;2020;23;7;True
2020-06-08;8;6;2;2020;24;1;False
2020-06-09;9;6;2;2020;24;2;False
2020-06-10;10;6;2;2020;24;3;False
2020-06-11;11;6;2;2020;24;4;False
2020-06-12;12;6;2;2020;24;5;False
2020-06-13;13;6;2;2020;24;6;True
2020-06-14;14;6;2;2020;24;7;True
2020-06-15;15;6;2;2020;25;1;False
2020-06-16;16;6;2;2020;25;2;False
2020-06-17;17;6;2;2020;25;3;False
2020-06-18;18;6;2;2020;25;4;False
2020-06-19;19;6;2;2020;25;5;False
2020-06-20;20;6;2;2020;25;6;True
2020-06-21;21;6;2;2020;25;7;True
2020-06-22;22;6;2;2020;26;1;False
2020-06-23;23;6;2;2020;26;2;False
2020-06-24;24;6;2;2020;26;3;False
2020-06-25;25;6;2;2020;26;4;False
2020-06-26;26;6;2;2020;26;5;False
2020-06-27;27;6;2;2020;26;6;True
2020-06-28;28;6;2;2020;26;7;True
2020-06-29;29;6;2;2020;27;1;False
2020-06-30;30;6;2;2020;27;2;False
2020-07-01;1;7;3;2020;27;3;False
2020-07-02;2;7;3;2020;27;4;False
2020-07-03;3;7;3;2020;27;5;False
2020-07-04;4;7;3;2020;27;6;True
2020-07-05;5;7;3;2020;27;7;True
2020-07-06;6;7;3;2020;28;1;False
2020-07-07;7;7;3;2020;28;2;False
2020-07-08;8;7;3;2020;28;3;False
2020-07-09;9;7;3;2020;28;4;False
2020-07-10;10;7;3;2020;28;5;False
2020-07-11;11;7;3;2020;28;6;True
2020-07-12;12;7;3;2020;28;7;True
2020-07-13;13;7;3;2020;29;1;False
2020-07-14;14;7;3;2020;29;2;False
2020-07-15;15;7;3;2020;29;3;False
2020-07-16;16;7;3;2020;29;4;False
2020-07-17;17;7;3;2020;29;5;False
2020-07-18;18;7;3;2020;29;6;True
2020-07-19;19;7;3;2020;29;7;True
2020-07-20;20;7;3;2020;30;1;False
2020-07-21;21;7;3;2020;30;2;False
2020-07-22;22;7;3;2020;30;3;False
2020-07-23;23;7;3;2020;30;4;False
2020-07-24;24;7;3;2020;30;5;False
2020-07-25;25;7;3;2020;30;6;True
2020-07-26;26;7;3;2020;30;7;True
2020-07-27;27;7;3;2020;31;1;False
2020-07-28;28;7;3;2020;31;2;False
2020-07-29;29;7;3;2020;31;3;False
2020-07-30;30;7;3;2020;31;4;False
2020-07-31;31;7;3;2020;31;5;False
2020-08-01;1;8;3;2020;31;6;True
2020-08-02;2;8;3;2020;31;7;True
2020-08-03;3;8;3;2020;32;1;False
2020-08-04;4;8;3;2020;32;2;False
2020-08-05;5;8;3;2020;32;3;False
2020-08-06;6;8;3;2020;32;4;False
2020-08-07;7;8;3;2020;32;5;False
2020-08-08;8;8;3;2020;32;6;True
2020-08-09;9;8;3;2020;32;7;True
2020-08-10;10;8;3;2020;33;1;False
2020-08-11;11;8;3;2020;33;2;False
2020-08-12;12;8;3;2020;33;3;False
2020-08-13;13;8;3;2020;33;4;False
2020-08-14;14;8;3;2020;33;5;False
2020-08-15;15;8;3;2020;33;6;True
2020-08-16;16;8;3;2020;33;7;True
2020-08-17;17;8;3;2020;34;1;False
2020-08-18;18;8;3;2020;34;2;False
2020-08-19;19;8;3;2020;34;3;False
2020-08-20;20;8;3;2020;34;4;False
2020-08-21;21;8;3;2020;34;5;False
2020-08-22;22;8;3;2020;34;6;True
2020-08-23;23;8;3;2020;34;7;True
2020-08-24;24;8;3;2020;35;1;False
2020-08-25;25;8;3;2020;35;2;False
2020-08-26;26;8;3;2020;35;3;False
2020-08-27;27;8;3;2020;35;4;False
2020-08-28;28;8;3;2020;35;5;False
2020-08-29;29;8;3;2020;35;6;True
2020-08-30;30;8;3;2020;35;7;True
2020-08-31;31;8;3;2020;36;1;False
2020-09-01;1;9;3;2020;36;2;False
2020-09-02;2;9;3;2020;36;3;False
2020-09-03;3;9;3;2020;36;4;False
2020-09-04;4;9;3;2020;36;5;False
2020-09-05;5;9;3;2020;36;6;True
2020-09-06;6;9;3;2020;36;7;True
2020-09-07;7;9;3;2020;37;1;False
2020-09-08;8;9;3;2020;37;2;False
2020-09-09;9;9;3;2020;37;3;False
2020-09-10;10;9;3;2020;37;4;False
2020-09-11;11;9;3;2020;37;5;False
2020-09-12;12;9;3;2020;37;6;True
2020-09-13;13;9;3;2020;37;7;True
2020-09-14;14;9;3;2020;38;1;False
2020-09-15;15;9;3;2020;38;2;False
2020-09-16;16;9;3;2020;38;3;False
2020-09-17;17;9;3;2020;38;4;False
2020-09-18;18;9;3;2020;38;5;False
2020-09-19;19;9;3;2020;38;6;True
2020-09-20;20;9;3;2020;38;7;True
2020-09-21;21;9;3;2020;39;1;False
2020-09-22;22;9;3;2020;39;2;False
2020-09-23;23;9;3;2020;39;3;False
2020-09-24;24;9;3;2020;39;4;False
2020-09-25;25;9;3;2020;39;5;False
2020-09-26;26;9;3;2020;39;6;True
2020-09-27;27;9;3;2020;39;7;True
2020-09-28;28;9;3;2020;40;1;False
2020-09-29;29;9;3;2020;40;2;False
2020-09-30;30;9;3;2020;40;3;False
2020-10-01;1;10;4;2020;40;4;False
2020-10-02;2;10;4;2020;40;5;False
2020-10-03;3;10;4;2020;40;6;True
2020-10-04;4;10;4;2020;40;7;True
2020-10-05;5;10;4;2020;41;1;False
2020-10-06;6;10;4;2020;41;2;False
2020-10-07;7;10;4;2020;41;3;False
2020-10-08;8;10;4;2020;41;4;False
2020-10-09;9;10;4;2020;41;5;False
2020-10-10;10;10;4;2020;41;6;True
2020-10-11;11;10;4;2020;41;7;True
2020-10-12;12;10;4;2020;42;1;False
2020-10-13;13;10;4;2020;42;2;False
2020-10-14;14;10;4;2020;42;3;False
2020-10-15;15;10;4;2020;42;4;False
2020-10-16;16;10;4;2020;42;5;False
2020-10-17;17;10;4;2020;42;6;True
2020-10-18;18;10;4;2020;42;7;True
2020-10-19;19;10;4;2020;43;1;False
2020-10-20;20;10;4;2020;43;2;False
2020-10-21;21;10;4;2020;43;3;False
2020-10-22;22;10;4;2020;43;4;False
2020-10-23;23;10;4;2020;43;5;False
2020-10-24;24;10;4;2020;43;6;True
2020-10-25;25;10;4;2020;43;7;True
2020-10-26;26;10;4;2020;44;1;False
2020-10-27;27;10;4;2020;44;2;False
2020-10-28;28;10;4;2020;44;3;False
2020-10-29;29;10;4;2020;44;4;False
2020-10-30;30;10;4;2020;44;5;False
2020-10-31;31;10;4;2020;44;6;True
2020-11-01;1;11;4;2020;44;7;True
2020-11-02;2;11;4;2020;45;1;False
2020-11-03;3;11;4;2020;45;2;False
2020-11-04;4;11;4;2020;45;3;False
2020-11-05;5;11;4;2020;45;4;False
2020-11-06;6;11;4;2020;45;5;False
2020-11-07;7;11;4;2020;45;6;True
2020-11-08;8;11;4;2020;45;7;True
2020-11-09;9;11;4;2020;46;1;False
2020-11-10;10;11;4;2020;46;2;False
2020-11-11;11;11;4;2020;46;3;False
2020-11-12;12;11;4;2020;46;4;False
2020-11-13;13;11;4;2020;46;5;False
2020-11-14;14;11;4;2020;46;6;True
2020-11-15;15;11;4;2020;46;7;True
2020-11-16;16;11;4;2020;47;1;False
2020-11-17;17;11;4;2020;47;2;False
2020-11-18;18;11;4;2020;47;3;False
2020-11-19;19;11;4;2020;47;4;False
2020-11-20;20;11;4;2020;47;5;False
2020-11-21;21;11;4;2020;47;6;True
2020-11-22;22;11;4;2020;47;7;True
2020-11-23;23;11;4;2020;48;1;False
2020-11-24;24;11;4;2020;48;2;False
2020-11-25;25;11;4;2020;48;3;False
2020-11-26;26;11;4;2020;48;4;False
2020-11-27;27;11;4;2020;48;5;False
2020-11-28;28;11;4;2020;48;6;True
2020-11-29;29;11;4;2020;48;7;True
2020-11-30;30;11;4;2020;49;1;False
2020-12-01;1;12;4;2020;49;2;False
2020-12-02;2;12;4;2020;49;3;False
2020-12-03;3;12;4;2020;49;4;False
2020-12-04;4;12;4;2020;49;5;False
2020-12-05;5;12;4;2020;49;6;True
2020-12-06;6;12;4;2020;49;7;True
2020-12-07;7;12;4;2020;50;1;False
2020-12-08;8;12;4;2020;50;2;False
2020-12-09;9;12;4;2020;50;3;False
2020-12-10;10;12;4;2020;50;4;False
2020-12-11;11;12;4;2020;50;5;False
2020-12-12;12;12;4;2020;50;6;True
2020-12-13;13;12;4;2020;50;7;True
2020-12-14;14;12;4;2020;51;1;False
2020-12-15;15;12;4;2020;51;2;False
2020-12-16;16;12;4;2020;51;3;False
2020-12-17;17;12;4;2020;51;4;False
2020-12-18;18;12;4;2020;51;5;False
2020-12-19;19;12;4;2020;51;6;True
2020-12-20;20;12;4;2020;51;7;True
2020-12-21;21;12;4;2020;52;1;False
2020-12-22;22;12;4;2020;52;2;False
2020-12-23;23;12;4;2020;52;3;False
2020-12-24;24;12;4;2020;52;4;False
2020-12-25;25;12;4;2020;52;5;False
2020-12-26;26;12;4;2020;52;6;True
2020-12-27;27;12;4;2020;52;7;True
2020-12-28;28;12;4;2020;53;1;False
2020-12-29;29;12;4;2020;53;2;False
2020-12-30;30;12;4;2020;53;3;False
2020-12-31;31;12;4;2020;53;4;False
2021-01-01;1;1;1;2021;53;5;False
2021-01-02;2;1;1;2021;53;6;True
2021-01-03;3;1;1;2021;53;7;True
2021-01-04;4;1;1;2021;1;1;False
2021-01-05;5;1;1;2021;1;2;False
2021-01-06;6;1;1;2021;1;3;False
2021-01-07;7;1;1;2021;1;4;False
2021-01-08;8;1;1;2021;1;5;False
2021-01-09;9;1;1;2021;1;6;True
2021-01-10;10;1;1;2021;1;7;True
2021-01-11;11;1;1;2021;2;1;False
2021-01-12;12;1;1;2021;2;2;False
2021-01-13;13;1;1;2021;2;3;False
2021-01-14;14;1;1;2021;2;4;False
2021-01-15;15;1;1;2021;2;5;False
2021-01-16;16;1;1;2021;2;6;True
2021-01-17;17;1;1;2021;2;7;True
2021-01-18;18;1;1;2021;3;1;False
2021-01-19;19;1;1;2021;3;2;False
2021-01-20;20;1;1;2021;3;3;False
2021-01-21;21;1;1;2021;3;4;False
2021-01-22;22;1;1;2021;3;5;False
2021-01-23;23;1;1;2021;3;6;True
2021-01-24;24;1;1;2021;3;7;True
2021-01-25;25;1;1;2021;4;1;False
2021-01-26;26;1;1;2021;4;2;False
2021-01-27;27;1;1;2021;4;3;False
2021-01-28;28;1;1;2021;4;4;False
2021-01-29;29;1;1;2021;4;5;False
2021-01-30;30;1;1;2021;4;6;True
2021-01-31;31;1;1;2021;4;7;True
2021-02-01;1;2;1;2021;5;1;False
2021-02-02;2;2;1;2021;5;2;False
2021-02-03;3;2;1;2021;5;3;False
2021-02-04;4;2;1;2021;5;4;False
2021-02-05;5;2;1;2021;5;5;False
2021-02-06;6;2;1;2021;5;6;True
2021-02-07;7;2;1;2021;5;7;True
2021-02-08;8;2;1;2021;6;1;False
2021-02-09;9;2;1;2021;6;2;False
2021-02-10;10;2;1;2021;6;3;False
2021-02-11;11;2;1;2021;6;4;False
2021-02-12;12;2;1;2021;6;5;False
2021-02-13;13;2;1;2021;6;6;True
2021-02-14;14;2;1;2021;6;7;True
2021-02-15;15;2;1;2021;7;1;False
2021-02-16;16;2;1;2021;7;2;False
2021-02-17;17;2;1;2021;7;3;False
2021-02-18;18;2;1;2021;7;4;False
2021-02-19;19;2;1;2021;7;5;False
2021-02-20;20;2;1;2021;7;6;True
2021-02-21;21;2;1;2021;7;7;True
2021-02-22;22;2;1;2021;8;1;False
2021-02-23;23;2;1;2021;8;2;False
2021-02-24;24;2;1;2021;8;3;False
2021-02-25;25;2;1;2021;8;4;False
2021-02-26;26;2;1;2021;8;5;False
2021-02-27;27;2;1;2021;8;6;True
2021-02-28;28;2;1;2021;8;7;True
2021-03-01;1;3;1;2021;9;1;False
2021-03-02;2;3;1;2021;9;2;False
2021-03-03;3;3;1;2021;9;3;False
2021-03-04;4;3;1;2021;9;4;False
2021-03-05;5;3;1;2021;9;5;False
2021-03-06;6;3;1;2021;9;6;True
2021-03-07;7;3;1;2021;9;7;True
2021-03-08;8;3;1;2021;10;1;False
2021-03-09;9;3;1;2021;10;2;False
2021-03-10;10;3;1;2021;10;3;False
2021-03-11;11;3;1;2021;10;4;False
2021-03-12;12;3;1;2021;10;5;False
2021-03-13;13;3;1;2021;10;6;True
2021-03-14;14;3;1;2021;10;7;True
2021-03-15;15;3;1;2021;11;1;False
2021-03-16;16;3;1;2021;11;2;False
2021-03-17;17;3;1;2021;11;3;False
2021-03-18;18;3;1;2021;11;4;False
2021-03-19;19;3;1;2021;11;5;False
2021-03-20;20;3;1;2021;11;6;True
2021-03-21;21;3;1;2021;11;7;True
2021-03-22;22;3;1;2021;12;1;False
2021-03-23;23;3;1;2021;12;2;False
2021-03-24;24;3;1;2021;12;3;False
2021-03-25;25;3;1;2021;12;4;False
2021-03-26;26;3;1;2021;12;5;False
2021-03-27;27;3;1;2021;12;6;True
2021-03-28;28;3;1;2021;12;7;True
2021-03-29;29;3;1;2021;13;1;False
2021-03-30;30;3;1;2021;13;2;False
2021-03-31;31;3;1;2021;13;3;False
2021-04-01;1;4;2;2021;13;4;False
2021-04-02;2;4;2;2021;13;5;False
2021-04-03;3;4;2;2021;13;6;True
2021-04-04;4;4;2;2021;13;7;True
2021-04-05;5;4;2;2021;14;1;False
2021-04-06;6;4;2;2021;14;2;False
2021-04-07;7;4;2;2021;14;3;False
2021-04-08;8;4;2;2021;14;4;False
2021-04-09;9;4;2;2021;14;5;False
2021-04-10;10;4;2;2021;14;6;True
2021-04-11;11;4;2;2021;14;7;True
2021-04-12;12;4;2;2021;15;1;False
2021-04-13;13;4;2;2021;15;2;False
2021-04-14;14;4;2;2021;15;3;False
2021-04-15;15;4;2;2021;15;4;False
2021-04-16;16;4;2;2021;15;5;False
2021-04-17;17;4;2;2021;15;6;True
2021-04-18;18;4;2;2021;15;7;True
2021-04-19;19;4;2;2021;16;1;False
2021-04-20;20;4;2;2021;16;2;False
2021-04-21;21;4;2;2021;16;3;False
2021-04-22;22;4;2;2021;16;4;False
2021-04-23;23;4;2;2021;16;5;False
2021-04-24;24;4;2;2021;16;6;True
2021-04-25;25;4;2;2021;16;7;True
2021-04-26;26;4;2;2021;17;1;False
2021-04-27;27;4;2;2021;17;2;False
2021-04-28;28;4;2;2021;17;3;False
2021-04-29;29;4;2;2021;17;4;False
2021-04-30;30;4;2;2021;17;5;False
2021-05-01;1;5;2;2021;17;6;True
2021-05-02;2;5;2;2021;17;7;True
2021-05-03;3;5;2;2021;18;1;False
2021-05-04;4;5;2;2021;18;2;False
2021-05-05;5;5;2;2021;18;3;False
2021-05-06;6;5;2;2021;18;4;False
2021-05-07;7;5;2;2021;18;5;False
2021-05-08;8;5;2;2021;18;6;True
2021-05-09;9;5;2;2021;18;7;True
2021-05-10;10;5;2;2021;19;1;False
2021-05-11;11;5;2;2021;19;2;False
2021-05-12;12;5;2;2021;19;3;False
2021-05-13;13;5;2;2021;19;4;False
2021-05-14;14;5;2;2021;19;5;False
2021-05-15;15;5;2;2021;19;6;True
2021-05-16;16;5;2;2021;19;7;True
2021-05-17;17;5;2;2021;20;1;False
2021-05-18;18;5;2;2021;20;2;False
2021-05-19;19;5;2;2021;20;3;False
2021-05-20;20;5;2;2021;20;4;False
2021-05-21;21;5;2;2021;20;5;False
2021-05-22;22;5;2;2021;20;6;True
2021-05-23;23;5;2;2021;20;7;True
2021-05-24;24;5;2;2021;21;1;False
2021-05-25;25;5;2;2021;21;2;False
2021-05-26;26;5;2;2021;21;3;False
2021-05-27;27;5;2;2021;21;4;False
2021-05-28;28;5;2;2021;21;5;False
2021-05-29;29;5;2;2021;21;6;True
2021-05-30;30;5;2;2021;21;7;True
2021-05-31;31;5;2;2021;22;1;False
2021-06-01;1;6;2;2021;22;2;False
2021-06-02;2;6;2;2021;22;3;False
2021-06-03;3;6;2;2021;22;4;False
2021-06-04;4;6;2;2021;22;5;False
2021-06-05;5;6;2;2021;22;6;True
2021-06-06;6;6;2;2021;22;7;True
2021-06-07;7;6;2;2021;23;1;False
2021-06-08;8;6;2;2021;23;2;False
2021-06-09;9;6;2;2021;23;3;False
2021-06-10;10;6;2;2021;23;4;False
2021-06-11;11;6;2;2021;23;5;False
2021-06-12;12;6;2;2021;23;6;True
2021-06-13;13;6;2;2021;23;7;True
2021-06-14;14;6;2;2021;24;1;False
2021-06-15;15;6;2;2021;24;2;False
2021-06-16;16;6;2;2021;24;3;False
2021-06-17;17;6;2;2021;24;4;False
2021-06-18;18;6;2;2021;24;5;False
2021-06-19;19;6;2;2021;24;6;True
2021-06-20;20;6;2;2021;24;7;True
2021-06-21;21;6;2;2021;25;1;False
2021-06-22;22;6;2;2021;25;2;False
2021-06-23;23;6;2;2021;25;3;False
2021-06-24;24;6;2;2021;25;4;False
2021-06-25;25;6;2;2021;25;5;False
2021-06-26;26;6;2;2021;25;6;True
2021-06-27;27;6;2;2021;25;7;True
2021-06-28;28;6;2;2021;26;1;False
2021-06-29;29;6;2;2021;26;2;False
2021-06-30;30;6;2;2021;26;3;False
2021-07-01;1;7;3;2021;26;4;False
2021-07-02;2;7;3;2021;26;5;False
2021-07-03;3;7;3;2021;26;6;True
2021-07-04;4;7;3;2021;26;7;True
2021-07-05;5;7;3;2021;27;1;False
2021-07-06;6;7;3;2021;27;2;False
2021-07-07;7;7;3;2021;27;3;False
2021-07-08;8;7;3;2021;27;4;False
2021-07-09;9;7;3;2021;27;5;False
2021-07-10;10;7;3;2021;27;6;True
2021-07-11;11;7;3;2021;27;7;True
2021-07-12;12;7;3;2021;28;1;False
2021-07-13;13;7;3;2021;28;2;False
2021-07-14;14;7;3;2021;28;3;False
2021-07-15;15;7;3;2021;28;4;False
2021-07-16;16;7;3;2021;28;5;False
2021-07-17;17;7;3;2021;28;6;True
2021-07-18;18;7;3;2021;28;7;True
2021-07-19;19;7;3;2021;29;1;False
2021-07-20;20;7;3;2021;29;2;False
2021-07-21;21;7;3;2021;29;3;False
2021-07-22;22;7;3;2021;29;4;False
2021-07-23;23;7;3;2021;29;5;False
2021-07-24;24;7;3;2021;29;6;True
2021-07-25;25;7;3;2021;29;7;True
2021-07-26;26;7;3;2021;30;1;False
2021-07-27;27;7;3;2021;30;2;False
2021-07-28;28;7;3;2021;30;3;False
2021-07-29;29;7;3;2021;30;4;False
2021-07-30;30;7;3;2021;30;5;False
2021-07-31;31;7;3;2021;30;6;True
2021-08-01;1;8;3;2021;30;7;True
2021-08-02;2;8;3;2021;31;1;False
2021-08-03;3;8;3;2021;31;2;False
2021-08-04;4;8;3;2021;31;3;False
2021-08-05;5;8;3;2021;31;4;False
2021-08-06;6;8;3;2021;31;5;False
2021-08-07;7;8;3;2021;31;6;True
2021-08-08;8;8;3;2021;31;7;True
2021-08-09;9;8;3;2021;32;1;False
2021-08-10;10;8;3;2021;32;2;False
2021-08-11;11;8;3;2021;32;3;False
2021-08-12;12;8;3;2021;32;4;False
2021-08-13;13;8;3;2021;32;5;False
2021-08-14;14;8;3;2021;32;6;True
2021-08-15;15;8;3;2021;32;7;True
2021-08-16;16;8;3;2021;33;1;False
2021-08-17;17;8;3;2021;33;2;False
2021-08-18;18;8;3;2021;33;3;False
2021-08-19;19;8;3;2021;33;4;False
2021-08-20;20;8;3;2021;33;5;False
2021-08-21;21;8;3;2021;33;6;True
2021-08-22;22;8;3;2021;33;7;True
2021-08-23;23;8;3;2021;34;1;False
2021-08-24;24;8;3;2021;34;2;False
2021-08-25;25;8;3;2021;34;3;False
2021-08-26;26;8;3;2021;34;4;False
2021-08-27;27;8;3;2021;34;5;False
2021-08-28;28;8;3;2021;34;6;True
2021-08-29;29;8;3;2021;34;7;True
2021-08-30;30;8;3;2021;35;1;False
2021-08-31;31;8;3;2021;35;2;False
2021-09-01;1;9;3;2021;35;3;False
2021-09-02;2;9;3;2021;35;4;False
2021-09-03;3;9;3;2021;35;5;False
2021-09-04;4;9;3;2021;35;6;True
2021-09-05;5;9;3;2021;35;7;True
2021-09-06;6;9;3;2021;36;1;False
2021-09-07;7;9;3;2021;36;2;False
2021-09-08;8;9;3;2021;36;3;False
2021-09-09;9;9;3;2021;36;4;False
2021-09-10;10;9;3;2021;36;5;False
2021-09-11;11;9;3;2021;36;6;True
2021-09-12;12;9;3;2021;36;7;True
2021-09-13;13;9;3;2021;37;1;False
2021-09-14;14;9;3;2021;37;2;False
2021-09-15;15;9;3;2021;37;3;False
2021-09-16;16;9;3;2021;37;4;False
2021-09-17;17;9;3;2021;37;5;False
2021-09-18;18;9;3;2021;37;6;True
2021-09-19;19;9;3;2021;37;7;True
2021-09-20;20;9;3;2021;38;1;False
2021-09-21;21;9;3;2021;38;2;False
2021-09-22;22;9;3;2021;38;3;False
2021-09-23;23;9;3;2021;38;4;False
2021-09-24;24;9;3;2021;38;5;False
2021-09-25;25;9;3;2021;38;6;True
2021-09-26;26;9;3;2021;38;7;True
2021-09-27;27;9;3;2021;39;1;False
2021-09-28;28;9;3;2021;39;2;False
2021-09-29;29;9;3;2021;39;3;False
2021-09-30;30;9;3;2021;39;4;False
2021-10-01;1;10;4;2021;39;5;False
2021-10-02;2;10;4;2021;39;6;True
2021-10-03;3;10;4;2021;39;7;True
2021-10-04;4;10;4;2021;40;1;False
2021-10-05;5;10;4;2021;40;2;False
2021-10-06;6;10;4;2021;40;3;False
2021-10-07;7;10;4;2021;40;4;False
2021-10-08;8;10;4;2021;40;5;False
2021-10-09;9;10;4;2021;40;6;True
2021-10-10;10;10;4;2021;40;7;True
2021-10-11;11;10;4;2021;41;1;False
2021-10-12;12;10;4;2021;41;2;False
2021-10-13;13;10;4;2021;41;3;False
2021-10-14;14;10;4;2021;41;4;False
2021-10-15;15;10;4;2021;41;5;False
2021-10-16;16;10;4;2021;41;6;True
2021-10-17;17;10;4;2021;41;7;True
2021-10-18;18;10;4;2021;42;1;False
2021-10-19;19;10;4;2021;42;2;False
2021-10-20;20;10;4;2021;42;3;False
2021-10-21;21;10;4;2021;42;4;False
2021-10-22;22;10;4;2021;42;5;False
2021-10-23;23;10;4;2021;42;6;True
2021-10-24;24;10;4;2021;42;7;True
2021-10-25;25;10;4;2021;43;1;False
2021-10-26;26;10;4;2021;43;2;False
2021-10-27;27;10;4;2021;43;3;False
2021-10-28;28;10;4;2021;43;4;False
2021-10-29;29;10;4;2021;43;5;False
2021-10-30;30;10;4;2021;43;6;True
2021-10-31;31;10;4;2021;43;7;True
2021-11-01;1;11;4;2021;44;1;False
2021-11-02;2;11;4;2021;44;2;False
2021-11-03;3;11;4;2021;44;3;False
2021-11-04;4;11;4;2021;44;4;False
2021-11-05;5;11;4;2021;44;5;False
2021-11-06;6;11;4;2021;44;6;True
2021-11-07;7;11;4;2021;44;7;True
2021-11-08;8;11;4;2021;45;1;False
2021-11-09;9;11;4;2021;45;2;False
2021-11-10;10;11;4;2021;45;3;False
2021-11-11;11;11;4;2021;45;4;False
2021-11-12;12;11;4;2021;45;5;False
2021-11-13;13;11;4;2021;45;6;True
2021-11-14;14;11;4;2021;45;7;True
2021-11-15;15;11;4;2021;46;1;False
2021-11-16;16;11;4;2021;46;2;False
2021-11-17;17;11;4;2021;46;3;False
2021-11-18;18;11;4;2021;46;4;False
2021-11-19;19;11;4;2021;46;5;False
2021-11-20;20;11;4;2021;46;6;True
2021-11-21;21;11;4;2021;46;7;True
2021-11-22;22;11;4;2021;47;1;False
2021-11-23;23;11;4;2021;47;2;False
2021-11-24;24;11;4;2021;47;3;False
2021-11-25;25;11;4;2021;47;4;False
2021-11-26;26;11;4;2021;47;5;False
2021-11-27;27;11;4;2021;47;6;True
2021-11-28;28;11;4;2021;47;7;True
2021-11-29;29;11;4;2021;48;1;False
2021-11-30;30;11;4;2021;48;2;False
2021-12-01;1;12;4;2021;48;3;False
2021-12-02;2;12;4;2021;48;4;False
2021-12-03;3;12;4;2021;48;5;False
2021-12-04;4;12;4;2021;48;6;True
2021-12-05;5;12;4;2021;48;7;True
2021-12-06;6;12;4;2021;49;1;False
2021-12-07;7;12;4;2021;49;2;False
2021-12-08;8;12;4;2021;49;3;False
2021-12-09;9;12;4;2021;49;4;False
2021-12-10;10;12;4;2021;49;5;False
2021-12-11;11;12;4;2021;49;6;True
2021-12-12;12;12;4;2021;49;7;True
2021-12-13;13;12;4;2021;50;1;False
2021-12-14;14;12;4;2021;50;2;False
2021-12-15;15;12;4;2021;50;3;False
2021-12-16;16;12;4;2021;50;4;False
2021-12-17;17;12;4;2021;50;5;False
2021-12-18;18;12;4;2021;50;6;True
2021-12-19;19;12;4;2021;50;7;True
2021-12-20;20;12;4;2021;51;1;False
2021-12-21;21;12;4;2021;51;2;False
2021-12-22;22;12;4;2021;51;3;False
2021-12-23;23;12;4;2021;51;4;False
2021-12-24;24;12;4;2021;51;5;False
2021-12-25;25;12;4;2021;51;6;True
2021-12-26;26;12;4;2021;51;7;True
2021-12-27;27;12;4;2021;52;1;False
2021-12-28;28;12;4;2021;52;2;False
2021-12-29;29;12;4;2021;52;3;False
2021-12-30;30;12;4;2021;52;4;False
2021-12-31;31;12;4;2021;52;5;False
2022-01-01;1;1;1;2022;52;6;True
2022-01-02;2;1;1;2022;52;7;True
2022-01-03;3;1;1;2022;1;1;False
2022-01-04;4;1;1;2022;1;2;False
2022-01-05;5;1;1;2022;1;3;False
2022-01-06;6;1;1;2022;1;4;False
2022-01-07;7;1;1;2022;1;5;False
2022-01-08;8;1;1;2022;1;6;True
2022-01-09;9;1;1;2022;1;7;True
2022-01-10;10;1;1;2022;2;1;False
2022-01-11;11;1;1;2022;2;2;False
2022-01-12;12;1;1;2022;2;3;False
2022-01-13;13;1;1;2022;2;4;False
2022-01-14;14;1;1;2022;2;5;False
2022-01-15;15;1;1;2022;2;6;True
2022-01-16;16;1;1;2022;2;7;True
2022-01-17;17;1;1;2022;3;1;False
2022-01-18;18;1;1;2022;3;2;False
2022-01-19;19;1;1;2022;3;3;False
2022-01-20;20;1;1;2022;3;4;False
2022-01-21;21;1;1;2022;3;5;False
2022-01-22;22;1;1;2022;3;6;True
2022-01-23;23;1;1;2022;3;7;True
2022-01-24;24;1;1;2022;4;1;False
2022-01-25;25;1;1;2022;4;2;False
2022-01-26;26;1;1;2022;4;3;False
2022-01-27;27;1;1;2022;4;4;False
2022-01-28;28;1;1;2022;4;5;False
2022-01-29;29;1;1;2022;4;6;True
2022-01-30;30;1;1;2022;4;7;True
2022-01-31;31;1;1;2022;5;1;False
2022-02-01;1;2;1;2022;5;2;False
2022-02-02;2;2;1;2022;5;3;False
2022-02-03;3;2;1;2022;5;4;False
2022-02-04;4;2;1;2022;5;5;False
2022-02-05;5;2;1;2022;5;6;True
2022-02-06;6;2;1;2022;5;7;True
2022-02-07;7;2;1;2022;6;1;False
2022-02-08;8;2;1;2022;6;2;False
2022-02-09;9;2;1;2022;6;3;False
2022-02-10;10;2;1;2022;6;4;False
2022-02-11;11;2;1;2022;6;5;False
2022-02-12;12;2;1;2022;6;6;True
2022-02-13;13;2;1;2022;6;7;True
2022-02-14;14;2;1;2022;7;1;False
2022-02-15;15;2;1;2022;7;2;False
2022-02-16;16;2;1;2022;7;3;False
2022-02-17;17;2;1;2022;7;4;False
2022-02-18;18;2;1;2022;7;5;False
2022-02-19;19;2;1;2022;7;6;True
2022-02-20;20;2;1;2022;7;7;True
2022-02-21;21;2;1;2022;8;1;False
2022-02-22;22;2;1;2022;8;2;False
2022-02-23;23;2;1;2022;8;3;False
2022-02-24;24;2;1;2022;8;4;False
2022-02-25;25;2;1;2022;8;5;False
2022-02-26;26;2;1;2022;8;6;True
2022-02-27;27;2;1;2022;8;7;True
2022-02-28;28;2;1;2022;9;1;False
2022-03-01;1;3;1;2022;9;2;False
2022-03-02;2;3;1;2022;9;3;False
2022-03-03;3;3;1;2022;9;4;False
2022-03-04;4;3;1;2022;9;5;False
2022-03-05;5;3;1;2022;9;6;True
2022-03-06;6;3;1;2022;9;7;True
2022-03-07;7;3;1;2022;10;1;False
2022-03-08;8;3;1;2022;10;2;False
2022-03-09;9;3;1;2022;10;3;False
2022-03-10;10;3;1;2022;10;4;False
2022-03-11;11;3;1;2022;10;5;False
2022-03-12;12;3;1;2022;10;6;True
2022-03-13;13;3;1;2022;10;7;True
2022-03-14;14;3;1;2022;11;1;False
2022-03-15;15;3;1;2022;11;2;False
2022-03-16;16;3;1;2022;11;3;False
2022-03-17;17;3;1;2022;11;4;False
2022-03-18;18;3;1;2022;11;5;False
2022-03-19;19;3;1;2022;11;6;True
2022-03-20;20;3;1;2022;11;7;True
2022-03-21;21;3;1;2022;12;1;False
2022-03-22;22;3;1;2022;12;2;False
2022-03-23;23;3;1;2022;12;3;False
2022-03-24;24;3;1;2022;12;4;False
2022-03-25;25;3;1;2022;12;5;False
2022-03-26;26;3;1;2022;12;6;True
2022-03-27;27;3;1;2022;12;7;True
2022-03-28;28;3;1;2022;13;1;False
2022-03-29;29;3;1;2022;13;2;False
2022-03-30;30;3;1;2022;13;3;False
2022-03-31;31;3;1;2022;13;4;False
2022-04-01;1;4;2;2022;13;5;False
2022-04-02;2;4;2;2022;13;6;True
2022-04-03;3;4;2;2022;13;7;True
2022-04-04;4;4;2;2022;14;1;False
2022-04-05;5;4;2;2022;14;2;False
2022-04-06;6;4;2;2022;14;3;False
2022-04-07;7;4;2;2022;14;4;False
2022-04-08;8;4;2;2022;14;5;False
2022-04-09;9;4;2;2022;14;6;True
2022-04-10;10;4;2;2022;14;7;True
2022-04-11;11;4;2;2022;15;1;False
2022-04-12;12;4;2;2022;15;2;False
2022-04-13;13;4;2;2022;15;3;False
2022-04-14;14;4;2;2022;15;4;False
2022-04-15;15;4;2;2022;15;5;False
2022-04-16;16;4;2;2022;15;6;True
2022-04-17;17;4;2;2022;15;7;True
2022-04-18;18;4;2;2022;16;1;False
2022-04-19;19;4;2;2022;16;2;False
2022-04-20;20;4;2;2022;16;3;False
2022-04-21;21;4;2;2022;16;4;False
2022-04-22;22;4;2;2022;16;5;False
2022-04-23;23;4;2;2022;16;6;True
2022-04-24;24;4;2;2022;16;7;True
2022-04-25;25;4;2;2022;17;1;False
2022-04-26;26;4;2;2022;17;2;False
2022-04-27;27;4;2;2022;17;3;False
2022-04-28;28;4;2;2022;17;4;False
2022-04-29;29;4;2;2022;17;5;False
2022-04-30;30;4;2;2022;17;6;True
2022-05-01;1;5;2;2022;17;7;True
2022-05-02;2;5;2;2022;18;1;False
2022-05-03;3;5;2;2022;18;2;False
2022-05-04;4;5;2;2022;18;3;False
2022-05-05;5;5;2;2022;18;4;False
2022-05-06;6;5;2;2022;18;5;False
2022-05-07;7;5;2;2022;18;6;True
2022-05-08;8;5;2;2022;18;7;True
2022-05-09;9;5;2;2022;19;1;False
2022-05-10;10;5;2;2022;19;2;False
2022-05-11;11;5;2;2022;19;3;False
2022-05-12;12;5;2;2022;19;4;False
2022-05-13;13;5;2;2022;19;5;False
2022-05-14;14;5;2;2022;19;6;True
2022-05-15;15;5;2;2022;19;7;True
2022-05-16;16;5;2;2022;20;1;False
2022-05-17;17;5;2;2022;20;2;False
2022-05-18;18;5;2;2022;20;3;False
2022-05-19;19;5;2;2022;20;4;False
2022-05-20;20;5;2;2022;20;5;False
2022-05-21;21;5;2;2022;20;6;True
2022-05-22;22;5;2;2022;20;7;True
2022-05-23;23;5;2;2022;21;1;False
2022-05-24;24;5;2;2022;21;2;False
2022-05-25;25;5;2;2022;21;3;False
2022-05-26;26;5;2;2022;21;4;False
2022-05-27;27;5;2;2022;21;5;False
2022-05-28;28;5;2;2022;21;6;True
2022-05-29;29;5;2;2022;21;7;True
2022-05-30;30;5;2;2022;22;1;False
2022-05-31;31;5;2;2022;22;2;False
2022-06-01;1;6;2;2022;22;3;False
2022-06-02;2;6;2;2022;22;4;False
2022-06-03;3;6;2;2022;22;5;False
2022-06-04;4;6;2;2022;22;6;True
2022-06-05;5;6;2;2022;22;7;True
2022-06-06;6;6;2;2022;23;1;False
2022-06-07;7;6;2;2022;23;2;False
2022-06-08;8;6;2;2022;23;3;False
2022-06-09;9;6;2;2022;23;4;False
2022-06-10;10;6;2;2022;23;5;False
2022-06-11;11;6;2;2022;23;6;True
2022-06-12;12;6;2;2022;23;7;True
2022-06-13;13;6;2;2022;24;1;False
2022-06-14;14;6;2;2022;24;2;False
2022-06-15;15;6;2;2022;24;3;False
2022-06-16;16;6;2;2022;24;4;False
2022-06-17;17;6;2;2022;24;5;False
2022-06-18;18;6;2;2022;24;6;True
2022-06-19;19;6;2;2022;24;7;True
2022-06-20;20;6;2;2022;25;1;False
2022-06-21;21;6;2;2022;25;2;False
2022-06-22;22;6;2;2022;25;3;False
2022-06-23;23;6;2;2022;25;4;False
2022-06-24;24;6;2;2022;25;5;False
2022-06-25;25;6;2;2022;25;6;True
2022-06-26;26;6;2;2022;25;7;True
2022-06-27;27;6;2;2022;26;1;False
2022-06-28;28;6;2;2022;26;2;False
2022-06-29;29;6;2;2022;26;3;False
2022-06-30;30;6;2;2022;26;4;False
2022-07-01;1;7;3;2022;26;5;False
2022-07-02;2;7;3;2022;26;6;True
2022-07-03;3;7;3;2022;26;7;True
2022-07-04;4;7;3;2022;27;1;False
2022-07-05;5;7;3;2022;27;2;False
2022-07-06;6;7;3;2022;27;3;False
2022-07-07;7;7;3;2022;27;4;False
2022-07-08;8;7;3;2022;27;5;False
2022-07-09;9;7;3;2022;27;6;True
2022-07-10;10;7;3;2022;27;7;True
2022-07-11;11;7;3;2022;28;1;False
2022-07-12;12;7;3;2022;28;2;False
2022-07-13;13;7;3;2022;28;3;False
2022-07-14;14;7;3;2022;28;4;False
2022-07-15;15;7;3;2022;28;5;False
2022-07-16;16;7;3;2022;28;6;True
2022-07-17;17;7;3;2022;28;7;True
2022-07-18;18;7;3;2022;29;1;False
2022-07-19;19;7;3;2022;29;2;False
2022-07-20;20;7;3;2022;29;3;False
2022-07-21;21;7;3;2022;29;4;False
2022-07-22;22;7;3;2022;29;5;False
2022-07-23;23;7;3;2022;29;6;True
2022-07-24;24;7;3;2022;29;7;True
2022-07-25;25;7;3;2022;30;1;False
2022-07-26;26;7;3;2022;30;2;False
2022-07-27;27;7;3;2022;30;3;False
2022-07-28;28;7;3;2022;30;4;False
2022-07-29;29;7;3;2022;30;5;False
2022-07-30;30;7;3;2022;30;6;True
2022-07-31;31;7;3;2022;30;7;True
2022-08-01;1;8;3;2022;31;1;False
2022-08-02;2;8;3;2022;31;2;False
2022-08-03;3;8;3;2022;31;3;False
2022-08-04;4;8;3;2022;31;4;False
2022-08-05;5;8;3;2022;31;5;False
2022-08-06;6;8;3;2022;31;6;True
2022-08-07;7;8;3;2022;31;7;True
2022-08-08;8;8;3;2022;32;1;False
2022-08-09;9;8;3;2022;32;2;False
2022-08-10;10;8;3;2022;32;3;False
2022-08-11;11;8;3;2022;32;4;False
2022-08-12;12;8;3;2022;32;5;False
2022-08-13;13;8;3;2022;32;6;True
2022-08-14;14;8;3;2022;32;7;True
2022-08-15;15;8;3;2022;33;1;False
2022-08-16;16;8;3;2022;33;2;False
2022-08-17;17;8;3;2022;33;3;False
2022-08-18;18;8;3;2022;33;4;False
2022-08-19;19;8;3;2022;33;5;False
2022-08-20;20;8;3;2022;33;6;True
2022-08-21;21;8;3;2022;33;7;True
2022-08-22;22;8;3;2022;34;1;False
2022-08-23;23;8;3;2022;34;2;False
2022-08-24;24;8;3;2022;34;3;False
2022-08-25;25;8;3;2022;34;4;False
2022-08-26;26;8;3;2022;34;5;False
2022-08-27;27;8;3;2022;34;6;True
2022-08-28;28;8;3;2022;34;7;True
2022-08-29;29;8;3;2022;35;1;False
2022-08-30;30;8;3;2022;35;2;False
2022-08-31;31;8;3;2022;35;3;False
2022-09-01;1;9;3;2022;35;4;False
2022-09-02;2;9;3;2022;35;5;False
2022-09-03;3;9;3;2022;35;6;True
2022-09-04;4;9;3;2022;35;7;True
2022-09-05;5;9;3;2022;36;1;False
2022-09-06;6;9;3;2022;36;2;False
2022-09-07;7;9;3;2022;36;3;False
2022-09-08;8;9;3;2022;36;4;False
2022-09-09;9;9;3;2022;36;5;False
2022-09-10;10;9;3;2022;36;6;True
2022-09-11;11;9;3;2022;36;7;True
2022-09-12;12;9;3;2022;37;1;False
2022-09-13;13;9;3;2022;37;2;False
2022-09-14;14;9;3;2022;37;3;False
2022-09-15;15;9;3;2022;37;4;False
2022-09-16;16;9;3;2022;37;5;False
2022-09-17;17;9;3;2022;37;6;True
2022-09-18;18;9;3;2022;37;7;True
2022-09-19;19;9;3;2022;38;1;False
2022-09-20;20;9;3;2022;38;2;False
2022-09-21;21;9;3;2022;38;3;False
2022-09-22;22;9;3;2022;38;4;False
2022-09-23;23;9;3;2022;38;5;False
2022-09-24;24;9;3;2022;38;6;True
2022-09-25;25;9;3;2022;38;7;True
2022-09-26;26;9;3;2022;39;1;False
2022-09-27;27;9;3;2022;39;2;False
2022-09-28;28;9;3;2022;39;3;False
2022-09-29;29;9;3;2022;39;4;False
2022-09-30;30;9;3;2022;39;5;False
2022-10-01;1;10;4;2022;39;6;True
2022-10-02;2;10;4;2022;39;7;True
2022-10-03;3;10;4;2022;40;1;False
2022-10-04;4;10;4;2022;40;2;False
2022-10-05;5;10;4;2022;40;3;False
2022-10-06;6;10;4;2022;40;4;False
2022-10-07;7;10;4;2022;40;5;False
2022-10-08;8;10;4;2022;40;6;True
2022-10-09;9;10;4;2022;40;7;True
2022-10-10;10;10;4;2022;41;1;False
2022-10-11;11;10;4;2022;41;2;False
2022-10-12;12;10;4;2022;41;3;False
2022-10-13;13;10;4;2022;41;4;False
2022-10-14;14;10;4;2022;41;5;False
2022-10-15;15;10;4;2022;41;6;True
2022-10-16;16;10;4;2022;41;7;True
2022-10-17;17;10;4;2022;42;1;False
2022-10-18;18;10;4;2022;42;2;False
2022-10-19;19;10;4;2022;42;3;False
2022-10-20;20;10;4;2022;42;4;False
2022-10-21;21;10;4;2022;42;5;False
2022-10-22;22;10;4;2022;42;6;True
2022-10-23;23;10;4;2022;42;7;True
2022-10-24;24;10;4;2022;43;1;False
2022-10-25;25;10;4;2022;43;2;False
2022-10-26;26;10;4;2022;43;3;False
2022-10-27;27;10;4;2022;43;4;False
2022-10-28;28;10;4;2022;43;5;False
2022-10-29;29;10;4;2022;43;6;True
2022-10-30;30;10;4;2022;43;7;True
2022-10-31;31;10;4;2022;44;1;False
2022-11-01;1;11;4;2022;44;2;False
2022-11-02;2;11;4;2022;44;3;False
2022-11-03;3;11;4;2022;44;4;False
2022-11-04;4;11;4;2022;44;5;False
2022-11-05;5;11;4;2022;44;6;True
2022-11-06;6;11;4;2022;44;7;True
2022-11-07;7;11;4;2022;45;1;False
2022-11-08;8;11;4;2022;45;2;False
2022-11-09;9;11;4;2022;45;3;False
2022-11-10;10;11;4;2022;45;4;False
2022-11-11;11;11;4;2022;45;5;False
2022-11-12;12;11;4;2022;45;6;True
2022-11-13;13;11;4;2022;45;7;True
2022-11-14;14;11;4;2022;46;1;False
2022-11-15;15;11;4;2022;46;2;False
2022-11-16;16;11;4;2022;46;3;False
2022-11-17;17;11;4;2022;46;4;False
2022-11-18;18;11;4;2022;46;5;False
2022-11-19;19;11;4;2022;46;6;True
2022-11-20;20;11;4;2022;46;7;True
2022-11-21;21;11;4;2022;47;1;False
2022-11-22;22;11;4;2022;47;2;False
2022-11-23;23;11;4;2022;47;3;False
2022-11-24;24;11;4;2022;47;4;False
2022-11-25;25;11;4;2022;47;5;False
2022-11-26;26;11;4;2022;47;6;True
2022-11-27;27;11;4;2022;47;7;True
2022-11-28;28;11;4;2022;48;1;False
2022-11-29;29;11;4;2022;48;2;False
2022-11-30;30;11;4;2022;48;3;False
2022-12-01;1;12;4;2022;48;4;False
2022-12-02;2;12;4;2022;48;5;False
2022-12-03;3;12;4;2022;48;6;True
2022-12-04;4;12;4;2022;48;7;True
2022-12-05;5;12;4;2022;49;1;False
2022-12-06;6;12;4;2022;49;2;False
2022-12-07;7;12;4;2022;49;3;False
2022-12-08;8;12;4;2022;49;4;False
2022-12-09;9;12;4;2022;49;5;False
2022-12-10;10;12;4;2022;49;6;True
2022-12-11;11;12;4;2022;49;7;True
2022-12-12;12;12;4;2022;50;1;False
2022-12-13;13;12;4;2022;50;2;False
2022-12-14;14;12;4;2022;50;3;False
2022-12-15;15;12;4;2022;50;4;False
2022-12-16;16;12;4;2022;50;5;False
2022-12-17;17;12;4;2022;50;6;True
2022-12-18;18;12;4;2022;50;7;True
2022-12-19;19;12;4;2022;51;1;False
2022-12-20;20;12;4;2022;51;2;False
2022-12-21;21;12;4;2022;51;3;False
2022-12-22;22;12;4;2022;51;4;False
2022-12-23;23;12;4;2022;51;5;False
2022-12-24;24;12;4;2022;51;6;True
2022-12-25;25;12;4;2022;51;7;True
2022-12-26;26;12;4;2022;52;1;False
2022-12-27;27;12;4;2022;52;2;False
2022-12-28;28;12;4;2022;52;3;False
2022-12-29;29;12;4;2022;52;4;False
2022-12-30;30;12;4;2022;52;5;False
2022-12-31;31;12;4;2022;52;6;True
2023-01-01;1;1;1;2023;52;7;True
2023-01-02;2;1;1;2023;1;1;False
2023-01-03;3;1;1;2023;1;2;False
2023-01-04;4;1;1;2023;1;3;False
2023-01-05;5;1;1;2023;1;4;False
2023-01-06;6;1;1;2023;1;5;False
2023-01-07;7;1;1;2023;1;6;True
2023-01-08;8;1;1;2023;1;7;True
2023-01-09;9;1;1;2023;2;1;False
2023-01-10;10;1;1;2023;2;2;False
2023-01-11;11;1;1;2023;2;3;False
2023-01-12;12;1;1;2023;2;4;False
2023-01-13;13;1;1;2023;2;5;False
2023-01-14;14;1;1;2023;2;6;True
2023-01-15;15;1;1;2023;2;7;True
2023-01-16;16;1;1;2023;3;1;False
2023-01-17;17;1;1;2023;3;2;False
2023-01-18;18;1;1;2023;3;3;False
2023-01-19;19;1;1;2023;3;4;False
2023-01-20;20;1;1;2023;3;5;False
2023-01-21;21;1;1;2023;3;6;True
2023-01-22;22;1;1;2023;3;7;True
2023-01-23;23;1;1;2023;4;1;False
2023-01-24;24;1;1;2023;4;2;False
2023-01-25;25;1;1;2023;4;3;False
2023-01-26;26;1;1;2023;4;4;False
2023-01-27;27;1;1;2023;4;5;False
2023-01-28;28;1;1;2023;4;6;True
2023-01-29;29;1;1;2023;4;7;True
2023-01-30;30;1;1;2023;5;1;False
2023-01-31;31;1;1;2023;5;2;False
2023-02-01;1;2;1;2023;5;3;False
2023-02-02;2;2;1;2023;5;4;False
2023-02-03;3;2;1;2023;5;5;False
2023-02-04;4;2;1;2023;5;6;True
2023-02-05;5;2;1;2023;5;7;True
2023-02-06;6;2;1;2023;6;1;False
2023-02-07;7;2;1;2023;6;2;False
2023-02-08;8;2;1;2023;6;3;False
2023-02-09;9;2;1;2023;6;4;False
2023-02-10;10;2;1;2023;6;5;False
2023-02-11;11;2;1;2023;6;6;True
2023-02-12;12;2;1;2023;6;7;True
2023-02-13;13;2;1;2023;7;1;False
2023-02-14;14;2;1;2023;7;2;False
2023-02-15;15;2;1;2023;7;3;False
2023-02-16;16;2;1;2023;7;4;False
2023-02-17;17;2;1;2023;7;5;False
2023-02-18;18;2;1;2023;7;6;True
2023-02-19;19;2;1;2023;7;7;True
2023-02-20;20;2;1;2023;8;1;False
2023-02-21;21;2;1;2023;8;2;False
2023-02-22;22;2;1;2023;8;3;False
2023-02-23;23;2;1;2023;8;4;False
2023-02-24;24;2;1;2023;8;5;False
2023-02-25;25;2;1;2023;8;6;True
2023-02-26;26;2;1;2023;8;7;True
2023-02-27;27;2;1;2023;9;1;False
2023-02-28;28;2;1;2023;9;2;False
2023-03-01;1;3;1;2023;9;3;False
2023-03-02;2;3;1;2023;9;4;False
2023-03-03;3;3;1;2023;9;5;False
2023-03-04;4;3;1;2023;9;6;True
2023-03-05;5;3;1;2023;9;7;True
2023-03-06;6;3;1;2023;10;1;False
2023-03-07;7;3;1;2023;10;2;False
2023-03-08;8;3;1;2023;10;3;False
2023-03-09;9;3;1;2023;10;4;False
2023-03-10;10;3;1;2023;10;5;False
2023-03-11;11;3;1;2023;10;6;True
2023-03-12;12;3;1;2023;10;7;True
2023-03-13;13;3;1;2023;11;1;False
2023-03-14;14;3;1;2023;11;2;False
2023-03-15;15;3;1;2023;11;3;False
2023-03-16;16;3;1;2023;11;4;False
2023-03-17;17;3;1;2023;11;5;False
2023-03-18;18;3;1;2023;11;6;True
2023-03-19;19;3;1;2023;11;7;True
2023-03-20;20;3;1;2023;12;1;False
2023-03-21;21;3;1;2023;12;2;False
2023-03-22;22;3;1;2023;12;3;False
2023-03-23;23;3;1;2023;12;4;False
2023-03-24;24;3;1;2023;12;5;False
2023-03-25;25;3;1;2023;12;6;True
2023-03-26;26;3;1;2023;12;7;True
2023-03-27;27;3;1;2023;13;1;False
2023-03-28;28;3;1;2023;13;2;False
2023-03-29;29;3;1;2023;13;3;False
2023-03-30;30;3;1;2023;13;4;False
2023-03-31;31;3;1;2023;13;5;False
2023-04-01;1;4;2;2023;13;6;True
2023-04-02;2;4;2;2023;13;7;True
2023-04-03;3;4;2;2023;14;1;False
2023-04-04;4;4;2;2023;14;2;False
2023-04-05;5;4;2;2023;14;3;False
2023-04-06;6;4;2;2023;14;4;False
2023-04-07;7;4;2;2023;14;5;False
2023-04-08;8;4;2;2023;14;6;True
2023-04-09;9;4;2;2023;14;7;True
2023-04-10;10;4;2;2023;15;1;False
2023-04-11;11;4;2;2023;15;2;False
2023-04-12;12;4;2;2023;15;3;False
2023-04-13;13;4;2;2023;15;4;False
2023-04-14;14;4;2;2023;15;5;False
2023-04-15;15;4;2;2023;15;6;True
2023-04-16;16;4;2;2023;15;7;True
2023-04-17;17;4;2;2023;16;1;False
2023-04-18;18;4;2;2023;16;2;False
2023-04-19;19;4;2;2023;16;3;False
2023-04-20;20;4;2;2023;16;4;False
2023-04-21;21;4;2;2023;16;5;False
2023-04-22;22;4;2;2023;16;6;True
2023-04-23;23;4;2;2023;16;7;True
2023-04-24;24;4;2;2023;17;1;False
2023-04-25;25;4;2;2023;17;2;False
2023-04-26;26;4;2;2023;17;3;False
2023-04-27;27;4;2;2023;17;4;False
2023-04-28;28;4;2;2023;17;5;False
2023-04-29;29;4;2;2023;17;6;True
2023-04-30;30;4;2;2023;17;7;True
2023-05-01;1;5;2;2023;18;1;False
2023-05-02;2;5;2;2023;18;2;False
2023-05-03;3;5;2;2023;18;3;False
2023-05-04;4;5;2;2023;18;4;False
2023-05-05;5;5;2;2023;18;5;False
2023-05-06;6;5;2;2023;18;6;True
2023-05-07;7;5;2;2023;18;7;True
2023-05-08;8;5;2;2023;19;1;False
2023-05-09;9;5;2;2023;19;2;False
2023-05-10;10;5;2;2023;19;3;False
2023-05-11;11;5;2;2023;19;4;False
2023-05-12;12;5;2;2023;19;5;False
2023-05-13;13;5;2;2023;19;6;True
2023-05-14;14;5;2;2023;19;7;True
2023-05-15;15;5;2;2023;20;1;False
2023-05-16;16;5;2;2023;20;2;False
2023-05-17;17;5;2;2023;20;3;False
2023-05-18;18;5;2;2023;20;4;False
2023-05-19;19;5;2;2023;20;5;False
2023-05-20;20;5;2;2023;20;6;True
2023-05-21;21;5;2;2023;20;7;True
2023-05-22;22;5;2;2023;21;1;False
2023-05-23;23;5;2;2023;21;2;False
2023-05-24;24;5;2;2023;21;3;False
2023-05-25;25;5;2;2023;21;4;False
2023-05-26;26;5;2;2023;21;5;False
2023-05-27;27;5;2;2023;21;6;True
2023-05-28;28;5;2;2023;21;7;True
2023-05-29;29;5;2;2023;22;1;False
2023-05-30;30;5;2;2023;22;2;False
2023-05-31;31;5;2;2023;22;3;False
2023-06-01;1;6;2;2023;22;4;False
2023-06-02;2;6;2;2023;22;5;False
2023-06-03;3;6;2;2023;22;6;True
2023-06-04;4;6;2;2023;22;7;True
2023-06-05;5;6;2;2023;23;1;False
2023-06-06;6;6;2;2023;23;2;False
2023-06-07;7;6;2;2023;23;3;False
2023-06-08;8;6;2;2023;23;4;False
2023-06-09;9;6;2;2023;23;5;False
2023-06-10;10;6;2;2023;23;6;True
2023-06-11;11;6;2;2023;23;7;True
2023-06-12;12;6;2;2023;24;1;False
2023-06-13;13;6;2;2023;24;2;False
2023-06-14;14;6;2;2023;24;3;False
2023-06-15;15;6;2;2023;24;4;False
2023-06-16;16;6;2;2023;24;5;False
2023-06-17;17;6;2;2023;24;6;True
2023-06-18;18;6;2;2023;24;7;True
2023-06-19;19;6;2;2023;25;1;False
2023-06-20;20;6;2;2023;25;2;False
2023-06-21;21;6;2;2023;25;3;False
2023-06-22;22;6;2;2023;25;4;False
2023-06-23;23;6;2;2023;25;5;False
2023-06-24;24;6;2;2023;25;6;True
2023-06-25;25;6;2;2023;25;7;True
2023-06-26;26;6;2;2023;26;1;False
2023-06-27;27;6;2;2023;26;2;False
2023-06-28;28;6;2;2023;26;3;False
2023-06-29;29;6;2;2023;26;4;False
2023-06-30;30;6;2;2023;26;5;False
2023-07-01;1;7;3;2023;26;6;True
2023-07-02;2;7;3;2023;26;7;True
2023-07-03;3;7;3;2023;27;1;False
2023-07-04;4;7;3;2023;27;2;False
2023-07-05;5;7;3;2023;27;3;False
2023-07-06;6;7;3;2023;27;4;False
2023-07-07;7;7;3;2023;27;5;False
2023-07-08;8;7;3;2023;27;6;True
2023-07-09;9;7;3;2023;27;7;True
2023-07-10;10;7;3;2023;28;1;False
2023-07-11;11;7;3;2023;28;2;False
2023-07-12;12;7;3;2023;28;3;False
2023-07-13;13;7;3;2023;28;4;False
2023-07-14;14;7;3;2023;28;5;False
2023-07-15;15;7;3;2023;28;6;True
2023-07-16;16;7;3;2023;28;7;True
2023-07-17;17;7;3;2023;29;1;False
2023-07-18;18;7;3;2023;29;2;False
2023-07-19;19;7;3;2023;29;3;False
2023-07-20;20;7;3;2023;29;4;False
2023-07-21;21;7;3;2023;29;5;False
2023-07-22;22;7;3;2023;29;6;True
2023-07-23;23;7;3;2023;29;7;True
2023-07-24;24;7;3;2023;30;1;False
2023-07-25;25;7;3;2023;30;2;False
2023-07-26;26;7;3;2023;30;3;False
2023-07-27;27;7;3;2023;30;4;False
2023-07-28;28;7;3;2023;30;5;False
2023-07-29;29;7;3;2023;30;6;True
2023-07-30;30;7;3;2023;30;7;True
2023-07-31;31;7;3;2023;31;1;False
2023-08-01;1;8;3;2023;31;2;False
2023-08-02;2;8;3;2023;31;3;False
2023-08-03;3;8;3;2023;31;4;False
2023-08-04;4;8;3;2023;31;5;False
2023-08-05;5;8;3;2023;31;6;True
2023-08-06;6;8;3;2023;31;7;True
2023-08-07;7;8;3;2023;32;1;False
2023-08-08;8;8;3;2023;32;2;False
2023-08-09;9;8;3;2023;32;3;False
2023-08-10;10;8;3;2023;32;4;False
2023-08-11;11;8;3;2023;32;5;False
2023-08-12;12;8;3;2023;32;6;True
2023-08-13;13;8;3;2023;32;7;True
2023-08-14;14;8;3;2023;33;1;False
2023-08-15;15;8;3;2023;33;2;False
2023-08-16;16;8;3;2023;33;3;False
2023-08-17;17;8;3;2023;33;4;False
2023-08-18;18;8;3;2023;33;5;False
2023-08-19;19;8;3;2023;33;6;True
2023-08-20;20;8;3;2023;33;7;True
2023-08-21;21;8;3;2023;34;1;False
2023-08-22;22;8;3;2023;34;2;False
2023-08-23;23;8;3;2023;34;3;False
2023-08-24;24;8;3;2023;34;4;False
2023-08-25;25;8;3;2023;34;5;False
2023-08-26;26;8;3;2023;34;6;True
2023-08-27;27;8;3;2023;34;7;True
2023-08-28;28;8;3;2023;35;1;False
2023-08-29;29;8;3;2023;35;2;False
2023-08-30;30;8;3;2023;35;3;False
2023-08-31;31;8;3;2023;35;4;False
2023-09-01;1;9;3;2023;35;5;False
2023-09-02;2;9;3;2023;35;6;True
2023-09-03;3;9;3;2023;35;7;True
2023-09-04;4;9;3;2023;36;1;False
2023-09-05;5;9;3;2023;36;2;False
2023-09-06;6;9;3;2023;36;3;False
2023-09-07;7;9;3;2023;36;4;False
2023-09-08;8;9;3;2023;36;5;False
2023-09-09;9;9;3;2023;36;6;True
2023-09-10;10;9;3;2023;36;7;True
2023-09-11;11;9;3;2023;37;1;False
2023-09-12;12;9;3;2023;37;2;False
2023-09-13;13;9;3;2023;37;3;False
2023-09-14;14;9;3;2023;37;4;False
2023-09-15;15;9;3;2023;37;5;False
2023-09-16;16;9;3;2023;37;6;True
2023-09-17;17;9;3;2023;37;7;True
2023-09-18;18;9;3;2023;38;1;False
2023-09-19;19;9;3;2023;38;2;False
2023-09-20;20;9;3;2023;38;3;False
2023-09-21;21;9;3;2023;38;4;False
2023-09-22;22;9;3;2023;38;5;False
2023-09-23;23;9;3;2023;38;6;True
2023-09-24;24;9;3;2023;38;7;True
2023-09-25;25;9;3;2023;39;1;False
2023-09-26;26;9;3;2023;39;2;False
2023-09-27;27;9;3;2023;39;3;False
2023-09-28;28;9;3;2023;39;4;False
2023-09-29;29;9;3;2023;39;5;False
2023-09-30;30;9;3;2023;39;6;True
2023-10-01;1;10;4;2023;39;7;True
2023-10-02;2;10;4;2023;40;1;False
2023-10-03;3;10;4;2023;40;2;False
2023-10-04;4;10;4;2023;40;3;False
2023-10-05;5;10;4;2023;40;4;False
2023-10-06;6;10;4;2023;40;5;False
2023-10-07;7;10;4;2023;40;6;True
2023-10-08;8;10;4;2023;40;7;True
2023-10-09;9;10;4;2023;41;1;False
2023-10-10;10;10;4;2023;41;2;False
2023-10-11;11;10;4;2023;41;3;False
2023-10-12;12;10;4;2023;41;4;False
2023-10-13;13;10;4;2023;41;5;False
2023-10-14;14;10;4;2023;41;6;True
2023-10-15;15;10;4;2023;41;7;True
2023-10-16;16;10;4;2023;42;1;False
2023-10-17;17;10;4;2023;42;2;False
2023-10-18;18;10;4;2023;42;3;False
2023-10-19;19;10;4;2023;42;4;False
2023-10-20;20;10;4;2023;42;5;False
2023-10-21;21;10;4;2023;42;6;True
2023-10-22;22;10;4;2023;42;7;True
2023-10-23;23;10;4;2023;43;1;False
2023-10-24;24;10;4;2023;43;2;False
2023-10-25;25;10;4;2023;43;3;False
2023-10-26;26;10;4;2023;43;4;False
2023-10-27;27;10;4;2023;43;5;False
2023-10-28;28;10;4;2023;43;6;True
2023-10-29;29;10;4;2023;43;7;True
2023-10-30;30;10;4;2023;44;1;False
2023-10-31;31;10;4;2023;44;2;False
2023-11-01;1;11;4;2023;44;3;False
2023-11-02;2;11;4;2023;44;4;False
2023-11-03;3;11;4;2023;44;5;False
2023-11-04;4;11;4;2023;44;6;True
2023-11-05;5;11;4;2023;44;7;True
2023-11-06;6;11;4;2023;45;1;False
2023-11-07;7;11;4;2023;45;2;False
2023-11-08;8;11;4;2023;45;3;False
2023-11-09;9;11;4;2023;45;4;False
2023-11-10;10;11;4;2023;45;5;False
2023-11-11;11;11;4;2023;45;6;True
2023-11-12;12;11;4;2023;45;7;True
2023-11-13;13;11;4;2023;46;1;False
2023-11-14;14;11;4;2023;46;2;False
2023-11-15;15;11;4;2023;46;3;False
2023-11-16;16;11;4;2023;46;4;False
2023-11-17;17;11;4;2023;46;5;False
2023-11-18;18;11;4;2023;46;6;True
2023-11-19;19;11;4;2023;46;7;True
2023-11-20;20;11;4;2023;47;1;False
2023-11-21;21;11;4;2023;47;2;False
2023-11-22;22;11;4;2023;47;3;False
2023-11-23;23;11;4;2023;47;4;False
2023-11-24;24;11;4;2023;47;5;False
2023-11-25;25;11;4;2023;47;6;True
2023-11-26;26;11;4;2023;47;7;True
2023-11-27;27;11;4;2023;48;1;False
2023-11-28;28;11;4;2023;48;2;False
2023-11-29;29;11;4;2023;48;3;False
2023-11-30;30;11;4;2023;48;4;False
2023-12-01;1;12;4;2023;48;5;False
2023-12-02;2;12;4;2023;48;6;True
2023-12-03;3;12;4;2023;48;7;True
2023-12-04;4;12;4;2023;49;1;False
2023-12-05;5;12;4;2023;49;2;False
2023-12-06;6;12;4;2023;49;3;False
2023-12-07;7;12;4;2023;49;4;False
2023-12-08;8;12;4;2023;49;5;False
2023-12-09;9;12;4;2023;49;6;True
2023-12-10;10;12;4;2023;49;7;True
2023-12-11;11;12;4;2023;50;1;False
2023-12-12;12;12;4;2023;50;2;False
2023-12-13;13;12;4;2023;50;3;False
2023-12-14;14;12;4;2023;50;4;False
2023-12-15;15;12;4;2023;50;5;False
2023-12-16;16;12;4;2023;50;6;True
2023-12-17;17;12;4;2023;50;7;True
2023-12-18;18;12;4;2023;51;1;False
2023-12-19;19;12;4;2023;51;2;False
2023-12-20;20;12;4;2023;51;3;False
2023-12-21;21;12;4;2023;51;4;False
2023-12-22;22;12;4;2023;51;5;False
2023-12-23;23;12;4;2023;51;6;True
2023-12-24;24;12;4;2023;51;7;True
2023-12-25;25;12;4;2023;52;1;False
2023-12-26;26;12;4;2023;52;2;False
2023-12-27;27;12;4;2023;52;3;False
2023-12-28;28;12;4;2023;52;4;False
2023-12-29;29;12;4;2023;52;5;False
2023-12-30;30;12;4;2023;52;6;True
2023-12-31;31;12;4;2023;52;7;True
2024-01-01;1;1;1;2024;1;1;False
2024-01-02;2;1;1;2024;1;2;False
2024-01-03;3;1;1;2024;1;3;False
2024-01-04;4;1;1;2024;1;4;False
2024-01-05;5;1;1;2024;1;5;False
2024-01-06;6;1;1;2024;1;6;True
2024-01-07;7;1;1;2024;1;7;True
2024-01-08;8;1;1;2024;2;1;False
2024-01-09;9;1;1;2024;2;2;False
2024-01-10;10;1;1;2024;2;3;False
2024-01-11;11;1;1;2024;2;4;False
2024-01-12;12;1;1;2024;2;5;False
2024-01-13;13;1;1;2024;2;6;True
2024-01-14;14;1;1;2024;2;7;True
2024-01-15;15;1;1;2024;3;1;False
2024-01-16;16;1;1;2024;3;2;False
2024-01-17;17;1;1;2024;3;3;False
2024-01-18;18;1;1;2024;3;4;False
2024-01-19;19;1;1;2024;3;5;False
2024-01-20;20;1;1;2024;3;6;True
2024-01-21;21;1;1;2024;3;7;True
2024-01-22;22;1;1;2024;4;1;False
2024-01-23;23;1;1;2024;4;2;False
2024-01-24;24;1;1;2024;4;3;False
2024-01-25;25;1;1;2024;4;4;False
2024-01-26;26;1;1;2024;4;5;False
2024-01-27;27;1;1;2024;4;6;True
2024-01-28;28;1;1;2024;4;7;True
2024-01-29;29;1;1;2024;5;1;False
2024-01-30;30;1;1;2024;5;2;False
2024-01-31;31;1;1;2024;5;3;False
2024-02-01;1;2;1;2024;5;4;False
2024-02-02;2;2;1;2024;5;5;False
2024-02-03;3;2;1;2024;5;6;True
2024-02-04;4;2;1;2024;5;7;True
2024-02-05;5;2;1;2024;6;1;False
2024-02-06;6;2;1;2024;6;2;False
2024-02-07;7;2;1;2024;6;3;False
2024-02-08;8;2;1;2024;6;4;False
2024-02-09;9;2;1;2024;6;5;False
2024-02-10;10;2;1;2024;6;6;True
2024-02-11;11;2;1;2024;6;7;True
2024-02-12;12;2;1;2024;7;1;False
2024-02-13;13;2;1;2024;7;2;False
2024-02-14;14;2;1;2024;7;3;False
2024-02-15;15;2;1;2024;7;4;False
2024-02-16;16;2;1;2024;7;5;False
2024-02-17;17;2;1;2024;7;6;True
2024-02-18;18;2;1;2024;7;7;True
2024-02-19;19;2;1;2024;8;1;False
2024-02-20;20;2;1;2024;8;2;False
2024-02-21;21;2;1;2024;8;3;False
2024-02-22;22;2;1;2024;8;4;False
2024-02-23;23;2;1;2024;8;5;False
2024-02-24;24;2;1;2024;8;6;True
2024-02-25;25;2;1;2024;8;7;True
2024-02-26;26;2;1;2024;9;1;False
2024-02-27;27;2;1;2024;9;2;False
2024-02-28;28;2;1;2024;9;3;False
2024-02-29;29;2;1;2024;9;4;False
2024-03-01;1;3;1;2024;9;5;False
2024-03-02;2;3;1;2024;9;6;True
2024-03-03;3;3;1;2024;9;7;True
2024-03-04;4;3;1;2024;10;1;False
2024-03-05;5;3;1;2024;10;2;False
2024-03-06;6;3;1;2024;10;3;False
2024-03-07;7;3;1;2024;10;4;False
2024-03-08;8;3;1;2024;10;5;False
2024-03-09;9;3;1;2024;10;6;True
2024-03-10;10;3;1;2024;10;7;True
2024-03-11;11;3;1;2024;11;1;False
2024-03-12;12;3;1;2024;11;2;False
2024-03-13;13;3;1;2024;11;3;False
2024-03-14;14;3;1;2024;11;4;False
2024-03-15;15;3;1;2024;11;5;False
2024-03-16;16;3;1;2024;11;6;True
2024-03-17;17;3;1;2024;11;7;True
2024-03-18;18;3;1;2024;12;1;False
2024-03-19;19;3;1;2024;12;2;False
2024-03-20;20;3;1;2024;12;3;False
2024-03-21;21;3;1;2024;12;4;False
2024-03-22;22;3;1;2024;12;5;False
2024-03-23;23;3;1;2024;12;6;True
2024-03-24;24;3;1;2024;12;7;True
2024-03-25;25;3;1;2024;13;1;False
2024-03-26;26;3;1;2024;13;2;False
2024-03-27;27;3;1;2024;13;3;False
2024-03-28;28;3;1;2024;13;4;False
2024-03-29;29;3;1;2024;13;5;False
2024-03-30;30;3;1;2024;13;6;True
2024-03-31;31;3;1;2024;13;7;True
2024-04-01;1;4;2;2024;14;1;False
2024-04-02;2;4;2;2024;14;2;False
2024-04-03;3;4;2;2024;14;3;False
2024-04-04;4;4;2;2024;14;4;False
2024-04-05;5;4;2;2024;14;5;False
2024-04-06;6;4;2;2024;14;6;True
2024-04-07;7;4;2;2024;14;7;True
2024-04-08;8;4;2;2024;15;1;False
2024-04-09;9;4;2;2024;15;2;False
2024-04-10;10;4;2;2024;15;3;False
2024-04-11;11;4;2;2024;15;4;False
2024-04-12;12;4;2;2024;15;5;False
2024-04-13;13;4;2;2024;15;6;True
2024-04-14;14;4;2;2024;15;7;True
2024-04-15;15;4;2;2024;16;1;False
2024-04-16;16;4;2;2024;16;2;False
2024-04-17;17;4;2;2024;16;3;False
2024-04-18;18;4;2;2024;16;4;False
2024-04-19;19;4;2;2024;16;5;False
2024-04-20;20;4;2;2024;16;6;True
2024-04-21;21;4;2;2024;16;7;True
2024-04-22;22;4;2;2024;17;1;False
2024-04-23;23;4;2;2024;17;2;False
2024-04-24;24;4;2;2024;17;3;False
2024-04-25;25;4;2;2024;17;4;False
2024-04-26;26;4;2;2024;17;5;False
2024-04-27;27;4;2;2024;17;6;True
2024-04-28;28;4;2;2024;17;7;True
2024-04-29;29;4;2;2024;18;1;False
2024-04-30;30;4;2;2024;18;2;False
2024-05-01;1;5;2;2024;18;3;False
2024-05-02;2;5;2;2024;18;4;False
2024-05-03;3;5;2;2024;18;5;False
2024-05-04;4;5;2;2024;18;6;True
2024-05-05;5;5;2;2024;18;7;True
2024-05-06;6;5;2;2024;19;1;False
2024-05-07;7;5;2;2024;19;2;False
2024-05-08;8;5;2;2024;19;3;False
2024-05-09;9;5;2;2024;19;4;False
2024-05-10;10;5;2;2024;19;5;False
2024-05-11;11;5;2;2024;19;6;True
2024-05-12;12;5;2;2024;19;7;True
2024-05-13;13;5;2;2024;20;1;False
2024-05-14;14;5;2;2024;20;2;False
2024-05-15;15;5;2;2024;20;3;False
2024-05-16;16;5;2;2024;20;4;False
2024-05-17;17;5;2;2024;20;5;False
2024-05-18;18;5;2;2024;20;6;True
2024-05-19;19;5;2;2024;20;7;True
2024-05-20;20;5;2;2024;21;1;False
2024-05-21;21;5;2;2024;21;2;False
2024-05-22;22;5;2;2024;21;3;False
2024-05-23;23;5;2;2024;21;4;False
2024-05-24;24;5;2;2024;21;5;False
2024-05-25;25;5;2;2024;21;6;True
2024-05-26;26;5;2;2024;21;7;True
2024-05-27;27;5;2;2024;22;1;False
2024-05-28;28;5;2;2024;22;2;False
2024-05-29;29;5;2;2024;22;3;False
2024-05-30;30;5;2;2024;22;4;False
2024-05-31;31;5;2;2024;22;5;False
2024-06-01;1;6;2;2024;22;6;True
2024-06-02;2;6;2;2024;22;7;True
2024-06-03;3;6;2;2024;23;1;False
2024-06-04;4;6;2;2024;23;2;False
2024-06-05;5;6;2;2024;23;3;False
2024-06-06;6;6;2;2024;23;4;False
2024-06-07;7;6;2;2024;23;5;False
2024-06-08;8;6;2;2024;23;6;True
2024-06-09;9;6;2;2024;23;7;True
2024-06-10;10;6;2;2024;24;1;False
2024-06-11;11;6;2;2024;24;2;False
2024-06-12;12;6;2;2024;24;3;False
2024-06-13;13;6;2;2024;24;4;False
2024-06-14;14;6;2;2024;24;5;False
2024-06-15;15;6;2;2024;24;6;True
2024-06-16;16;6;2;2024;24;7;True
2024-06-17;17;6;2;2024;25;1;False
2024-06-18;18;6;2;2024;25;2;False
2024-06-19;19;6;2;2024;25;3;False
2024-06-20;20;6;2;2024;25;4;False
2024-06-21;21;6;2;2024;25;5;False
2024-06-22;22;6;2;2024;25;6;True
2024-06-23;23;6;2;2024;25;7;True
2024-06-24;24;6;2;2024;26;1;False
2024-06-25;25;6;2;2024;26;2;False
2024-06-26;26;6;2;2024;26;3;False
2024-06-27;27;6;2;2024;26;4;False
2024-06-28;28;6;2;2024;26;5;False
2024-06-29;29;6;2;2024;26;6;True
2024-06-30;30;6;2;2024;26;7;True
2024-07-01;1;7;3;2024;27;1;False
2024-07-02;2;7;3;2024;27;2;False
2024-07-03;3;7;3;2024;27;3;False
2024-07-04;4;7;3;2024;27;4;False
2024-07-05;5;7;3;2024;27;5;False
2024-07-06;6;7;3;2024;27;6;True
2024-07-07;7;7;3;2024;27;7;True
2024-07-08;8;7;3;2024;28;1;False
2024-07-09;9;7;3;2024;28;2;False
2024-07-10;10;7;3;2024;28;3;False
2024-07-11;11;7;3;2024;28;4;False
2024-07-12;12;7;3;2024;28;5;False
2024-07-13;13;7;3;2024;28;6;True
2024-07-14;14;7;3;2024;28;7;True
2024-07-15;15;7;3;2024;29;1;False
2024-07-16;16;7;3;2024;29;2;False
2024-07-17;17;7;3;2024;29;3;False
2024-07-18;18;7;3;2024;29;4;False
2024-07-19;19;7;3;2024;29;5;False
2024-07-20;20;7;3;2024;29;6;True
2024-07-21;21;7;3;2024;29;7;True
2024-07-22;22;7;3;2024;30;1;False
2024-07-23;23;7;3;2024;30;2;False
2024-07-24;24;7;3;2024;30;3;False
2024-07-25;25;7;3;2024;30;4;False
2024-07-26;26;7;3;2024;30;5;False
2024-07-27;27;7;3;2024;30;6;True
2024-07-28;28;7;3;2024;30;7;True
2024-07-29;29;7;3;2024;31;1;False
2024-07-30;30;7;3;2024;31;2;False
2024-07-31;31;7;3;2024;31;3;False
2024-08-01;1;8;3;2024;31;4;False
2024-08-02;2;8;3;2024;31;5;False
2024-08-03;3;8;3;2024;31;6;True
2024-08-04;4;8;3;2024;31;7;True
2024-08-05;5;8;3;2024;32;1;False
2024-08-06;6;8;3;2024;32;2;False
2024-08-07;7;8;3;2024;32;3;False
2024-08-08;8;8;3;2024;32;4;False
2024-08-09;9;8;3;2024;32;5;False
2024-08-10;10;8;3;2024;32;6;True
2024-08-11;11;8;3;2024;32;7;True
2024-08-12;12;8;3;2024;33;1;False
2024-08-13;13;8;3;2024;33;2;False
2024-08-14;14;8;3;2024;33;3;False
2024-08-15;15;8;3;2024;33;4;False
2024-08-16;16;8;3;2024;33;5;False
2024-08-17;17;8;3;2024;33;6;True
2024-08-18;18;8;3;2024;33;7;True
2024-08-19;19;8;3;2024;34;1;False
2024-08-20;20;8;3;2024;34;2;False
2024-08-21;21;8;3;2024;34;3;False
2024-08-22;22;8;3;2024;34;4;False
2024-08-23;23;8;3;2024;34;5;False
2024-08-24;24;8;3;2024;34;6;True
2024-08-25;25;8;3;2024;34;7;True
2024-08-26;26;8;3;2024;35;1;False
2024-08-27;27;8;3;2024;35;2;False
2024-08-28;28;8;3;2024;35;3;False
2024-08-29;29;8;3;2024;35;4;False
2024-08-30;30;8;3;2024;35;5;False
2024-08-31;31;8;3;2024;35;6;True
2024-09-01;1;9;3;2024;35;7;True
2024-09-02;2;9;3;2024;36;1;False
2024-09-03;3;9;3;2024;36;2;False
2024-09-04;4;9;3;2024;36;3;False
2024-09-05;5;9;3;2024;36;4;False
2024-09-06;6;9;3;2024;36;5;False
2024-09-07;7;9;3;2024;36;6;True
2024-09-08;8;9;3;2024;36;7;True
2024-09-09;9;9;3;2024;37;1;False
2024-09-10;10;9;3;2024;37;2;False
2024-09-11;11;9;3;2024;37;3;False
2024-09-12;12;9;3;2024;37;4;False
2024-09-13;13;9;3;2024;37;5;False
2024-09-14;14;9;3;2024;37;6;True
2024-09-15;15;9;3;2024;37;7;True
2024-09-16;16;9;3;2024;38;1;False
2024-09-17;17;9;3;2024;38;2;False
2024-09-18;18;9;3;2024;38;3;False
2024-09-19;19;9;3;2024;38;4;False
2024-09-20;20;9;3;2024;38;5;False
2024-09-21;21;9;3;2024;38;6;True
2024-09-22;22;9;3;2024;38;7;True
2024-09-23;23;9;3;2024;39;1;False
2024-09-24;24;9;3;2024;39;2;False
2024-09-25;25;9;3;2024;39;3;False
2024-09-26;26;9;3;2024;39;4;False
2024-09-27;27;9;3;2024;39;5;False
2024-09-28;28;9;3;2024;39;6;True
2024-09-29;29;9;3;2024;39;7;True
2024-09-30;30;9;3;2024;40;1;False
2024-10-01;1;10;4;2024;40;2;False
2024-10-02;2;10;4;2024;40;3;False
2024-10-03;3;10;4;2024;40;4;False
2024-10-04;4;10;4;2024;40;5;False
2024-10-05;5;10;4;2024;40;6;True
2024-10-06;6;10;4;2024;40;7;True
2024-10-07;7;10;4;2024;41;1;False
2024-10-08;8;10;4;2024;41;2;False
2024-10-09;9;10;4;2024;41;3;False
2024-10-10;10;10;4;2024;41;4;False
2024-10-11;11;10;4;2024;41;5;False
2024-10-12;12;10;4;2024;41;6;True
2024-10-13;13;10;4;2024;41;7;True
2024-10-14;14;10;4;2024;42;1;False
2024-10-15;15;10;4;2024;42;2;False
2024-10-16;16;10;4;2024;42;3;False
2024-10-17;17;10;4;2024;42;4;False
2024-10-18;18;10;4;2024;42;5;False
2024-10-19;19;10;4;2024;42;6;True
2024-10-20;20;10;4;2024;42;7;True
2024-10-21;21;10;4;2024;43;1;False
2024-10-22;22;10;4;2024;43;2;False
2024-10-23;23;10;4;2024;43;3;False
2024-10-24;24;10;4;2024;43;4;False
2024-10-25;25;10;4;2024;43;5;False
2024-10-26;26;10;4;2024;43;6;True
2024-10-27;27;10;4;2024;43;7;True
2024-10-28;28;10;4;2024;44;1;False
2024-10-29;29;10;4;2024;44;2;False
2024-10-30;30;10;4;2024;44;3;False
2024-10-31;31;10;4;2024;44;4;False
2024-11-01;1;11;4;2024;44;5;False
2024-11-02;2;11;4;2024;44;6;True
2024-11-03;3;11;4;2024;44;7;True
2024-11-04;4;11;4;2024;45;1;False
2024-11-05;5;11;4;2024;45;2;False
2024-11-06;6;11;4;2024;45;3;False
2024-11-07;7;11;4;2024;45;4;False
2024-11-08;8;11;4;2024;45;5;False
2024-11-09;9;11;4;2024;45;6;True
2024-11-10;10;11;4;2024;45;7;True
2024-11-11;11;11;4;2024;46;1;False
2024-11-12;12;11;4;2024;46;2;False
2024-11-13;13;11;4;2024;46;3;False
2024-11-14;14;11;4;2024;46;4;False
2024-11-15;15;11;4;2024;46;5;False
2024-11-16;16;11;4;2024;46;6;True
2024-11-17;17;11;4;2024;46;7;True
2024-11-18;18;11;4;2024;47;1;False
2024-11-19;19;11;4;2024;47;2;False
2024-11-20;20;11;4;2024;47;3;False
2024-11-21;21;11;4;2024;47;4;False
2024-11-22;22;11;4;2024;47;5;False
2024-11-23;23;11;4;2024;47;6;True
2024-11-24;24;11;4;2024;47;7;True
2024-11-25;25;11;4;2024;48;1;False
2024-11-26;26;11;4;2024;48;2;False
2024-11-27;27;11;4;2024;48;3;False
2024-11-28;28;11;4;2024;48;4;False
2024-11-29;29;11;4;2024;48;5;False
2024-11-30;30;11;4;2024;48;6;True
2024-12-01;1;12;4;2024;48;7;True
2024-12-02;2;12;4;2024;49;1;False
2024-12-03;3;12;4;2024;49;2;False
2024-12-04;4;12;4;2024;49;3;False
2024-12-05;5;12;4;2024;49;4;False
2024-12-06;6;12;4;2024;49;5;False
2024-12-07;7;12;4;2024;49;6;True
2024-12-08;8;12;4;2024;49;7;True
2024-12-09;9;12;4;2024;50;1;False
2024-12-10;10;12;4;2024;50;2;False
2024-12-11;11;12;4;2024;50;3;False
2024-12-12;12;12;4;2024;50;4;False
2024-12-13;13;12;4;2024;50;5;False
2024-12-14;14;12;4;2024;50;6;True
2024-12-15;15;12;4;2024;50;7;True
2024-12-16;16;12;4;2024;51;1;False
2024-12-17;17;12;4;2024;51;2;False
2024-12-18;18;12;4;2024;51;3;False
2024-12-19;19;12;4;2024;51;4;False
2024-12-20;20;12;4;2024;51;5;False
2024-12-21;21;12;4;2024;51;6;True
2024-12-22;22;12;4;2024;51;7;True
2024-12-23;23;12;4;2024;52;1;False
2024-12-24;24;12;4;2024;52;2;False
2024-12-25;25;12;4;2024;52;3;False
2024-12-26;26;12;4;2024;52;4;False
2024-12-27;27;12;4;2024;52;5;False
2024-12-28;28;12;4;2024;52;6;True
2024-12-29;29;12;4;2024;52;7;True
2024-12-30;30;12;4;2024;1;1;False
2024-12-31;31;12;4;2024;1;2;False
